==14014== NVPROF is profiling process 14014, command: ./hotspot 512 2 2 ../../data/hotspot/temp_512 ../../data/hotspot/power_512
==14014== Some kernel(s) will be replayed on device 0 in order to collect all events/metrics.
==14014== Profiling application: ./hotspot 512 2 2 ../../data/hotspot/temp_512 ../../data/hotspot/power_512
==14014== Profiling result:
==14014== Metric result:
"Device","Kernel","Invocations","Metric Name","Metric Description","Min","Max","Avg"
"Tesla P100-SXM2-16GB (0)","calculate_temp(int, float*, float*, float*, int, int, int, int, float, float, float, float, float)",7,"inst_per_warp","Instructions per warp",264.116279,264.116279,264.116279
"Tesla P100-SXM2-16GB (0)","calculate_temp(int, float*, float*, float*, int, int, int, int, float, float, float, float, float)",7,"branch_efficiency","Branch Efficiency",100.000000%,100.000000%,100.000000%
"Tesla P100-SXM2-16GB (0)","calculate_temp(int, float*, float*, float*, int, int, int, int, float, float, float, float, float)",7,"warp_execution_efficiency","Warp Execution Efficiency",90.245822%,90.245822%,90.245822%
"Tesla P100-SXM2-16GB (0)","calculate_temp(int, float*, float*, float*, int, int, int, int, float, float, float, float, float)",7,"warp_nonpred_execution_efficiency","Warp Non-Predicated Execution Efficiency",87.137863%,87.137863%,87.137863%
"Tesla P100-SXM2-16GB (0)","calculate_temp(int, float*, float*, float*, int, int, int, int, float, float, float, float, float)",7,"inst_replay_overhead","Instruction Replay Overhead",0.003006,0.003437,0.003161
"Tesla P100-SXM2-16GB (0)","calculate_temp(int, float*, float*, float*, int, int, int, int, float, float, float, float, float)",7,"shared_load_transactions_per_request","Shared Memory Load Transactions Per Request",0.999042,0.999042,0.999042
"Tesla P100-SXM2-16GB (0)","calculate_temp(int, float*, float*, float*, int, int, int, int, float, float, float, float, float)",7,"shared_store_transactions_per_request","Shared Memory Store Transactions Per Request",0.997531,0.997531,0.997531
"Tesla P100-SXM2-16GB (0)","calculate_temp(int, float*, float*, float*, int, int, int, int, float, float, float, float, float)",7,"local_load_transactions_per_request","Local Memory Load Transactions Per Request",0.000000,0.000000,0.000000
"Tesla P100-SXM2-16GB (0)","calculate_temp(int, float*, float*, float*, int, int, int, int, float, float, float, float, float)",7,"local_store_transactions_per_request","Local Memory Store Transactions Per Request",0.000000,0.000000,0.000000
"Tesla P100-SXM2-16GB (0)","calculate_temp(int, float*, float*, float*, int, int, int, int, float, float, float, float, float)",7,"gld_transactions_per_request","Global Load Transactions Per Request",16.000068,16.000068,16.000068
"Tesla P100-SXM2-16GB (0)","calculate_temp(int, float*, float*, float*, int, int, int, int, float, float, float, float, float)",7,"gst_transactions_per_request","Global Store Transactions Per Request",4.883721,4.883721,4.883721
"Tesla P100-SXM2-16GB (0)","calculate_temp(int, float*, float*, float*, int, int, int, int, float, float, float, float, float)",7,"shared_store_transactions","Shared Store Transactions",69488,69488,69488
"Tesla P100-SXM2-16GB (0)","calculate_temp(int, float*, float*, float*, int, int, int, int, float, float, float, float, float)",7,"shared_load_transactions","Shared Load Transactions",179396,179396,179396
"Tesla P100-SXM2-16GB (0)","calculate_temp(int, float*, float*, float*, int, int, int, int, float, float, float, float, float)",7,"local_load_transactions","Local Load Transactions",0,0,0
"Tesla P100-SXM2-16GB (0)","calculate_temp(int, float*, float*, float*, int, int, int, int, float, float, float, float, float)",7,"local_store_transactions","Local Store Transactions",0,0,0
"Tesla P100-SXM2-16GB (0)","calculate_temp(int, float*, float*, float*, int, int, int, int, float, float, float, float, float)",7,"gld_transactions","Global Load Transactions",467842,467842,467842
"Tesla P100-SXM2-16GB (0)","calculate_temp(int, float*, float*, float*, int, int, int, int, float, float, float, float, float)",7,"gst_transactions","Global Store Transactions",53760,53760,53760
"Tesla P100-SXM2-16GB (0)","calculate_temp(int, float*, float*, float*, int, int, int, int, float, float, float, float, float)",7,"sysmem_read_transactions","System Memory Read Transactions",0,0,0
"Tesla P100-SXM2-16GB (0)","calculate_temp(int, float*, float*, float*, int, int, int, int, float, float, float, float, float)",7,"sysmem_write_transactions","System Memory Write Transactions",5,5,5
"Tesla P100-SXM2-16GB (0)","calculate_temp(int, float*, float*, float*, int, int, int, int, float, float, float, float, float)",7,"l2_read_transactions","L2 Read Transactions",171504,171880,171674
"Tesla P100-SXM2-16GB (0)","calculate_temp(int, float*, float*, float*, int, int, int, int, float, float, float, float, float)",7,"l2_write_transactions","L2 Write Transactions",53779,53781,53780
"Tesla P100-SXM2-16GB (0)","calculate_temp(int, float*, float*, float*, int, int, int, int, float, float, float, float, float)",7,"dram_read_transactions","Device Memory Read Transactions",35986,37202,36643
"Tesla P100-SXM2-16GB (0)","calculate_temp(int, float*, float*, float*, int, int, int, int, float, float, float, float, float)",7,"dram_write_transactions","Device Memory Write Transactions",12141,13435,12801
"Tesla P100-SXM2-16GB (0)","calculate_temp(int, float*, float*, float*, int, int, int, int, float, float, float, float, float)",7,"global_hit_rate","Global Hit Rate in unified l1/tex",0.597499%,0.917091%,0.708000%
"Tesla P100-SXM2-16GB (0)","calculate_temp(int, float*, float*, float*, int, int, int, int, float, float, float, float, float)",7,"local_hit_rate","Local Hit Rate",0.000000%,0.000000%,0.000000%
"Tesla P100-SXM2-16GB (0)","calculate_temp(int, float*, float*, float*, int, int, int, int, float, float, float, float, float)",7,"gld_requested_throughput","Requested Global Load Throughput",99.118145GB/s,99.200912GB/s,99.166239GB/s
"Tesla P100-SXM2-16GB (0)","calculate_temp(int, float*, float*, float*, int, int, int, int, float, float, float, float, float)",7,"gst_requested_throughput","Requested Global Store Throughput",28.096050GB/s,28.119511GB/s,28.109683GB/s
"Tesla P100-SXM2-16GB (0)","calculate_temp(int, float*, float*, float*, int, int, int, int, float, float, float, float, float)",7,"gld_throughput","Global Load Throughput",148.094169GB/s,148.217833GB/s,148.166027GB/s
"Tesla P100-SXM2-16GB (0)","calculate_temp(int, float*, float*, float*, int, int, int, int, float, float, float, float, float)",7,"gst_throughput","Global Store Throughput",46.095082GB/s,46.133573GB/s,46.117448GB/s
"Tesla P100-SXM2-16GB (0)","calculate_temp(int, float*, float*, float*, int, int, int, int, float, float, float, float, float)",7,"local_memory_overhead","Local Memory Overhead",0.000000%,0.000000%,0.000000%
"Tesla P100-SXM2-16GB (0)","calculate_temp(int, float*, float*, float*, int, int, int, int, float, float, float, float, float)",7,"tex_cache_hit_rate","Unified Cache Hit Rate",39.931799%,40.038363%,39.980818%
"Tesla P100-SXM2-16GB (0)","calculate_temp(int, float*, float*, float*, int, int, int, int, float, float, float, float, float)",7,"l2_tex_read_hit_rate","L2 Hit Rate (Texture Reads)",78.194963%,79.327147%,78.707529%
"Tesla P100-SXM2-16GB (0)","calculate_temp(int, float*, float*, float*, int, int, int, int, float, float, float, float, float)",7,"l2_tex_write_hit_rate","L2 Hit Rate (Texture Writes)",100.000000%,100.000000%,100.000000%
"Tesla P100-SXM2-16GB (0)","calculate_temp(int, float*, float*, float*, int, int, int, int, float, float, float, float, float)",7,"dram_read_throughput","Device Memory Read Throughput",30.874780GB/s,31.920825GB/s,31.433810GB/s
"Tesla P100-SXM2-16GB (0)","calculate_temp(int, float*, float*, float*, int, int, int, int, float, float, float, float, float)",7,"dram_write_throughput","Device Memory Write Throughput",10.418670GB/s,11.526779GB/s,10.981448GB/s
"Tesla P100-SXM2-16GB (0)","calculate_temp(int, float*, float*, float*, int, int, int, int, float, float, float, float, float)",7,"tex_cache_throughput","Unified Cache Throughput",100.284240GB/s,100.367981GB/s,100.332900GB/s
"Tesla P100-SXM2-16GB (0)","calculate_temp(int, float*, float*, float*, int, int, int, int, float, float, float, float, float)",7,"l2_tex_read_throughput","L2 Throughput (Texture Reads)",146.992643GB/s,147.332233GB/s,147.117012GB/s
"Tesla P100-SXM2-16GB (0)","calculate_temp(int, float*, float*, float*, int, int, int, int, float, float, float, float, float)",7,"l2_tex_write_throughput","L2 Throughput (Texture Writes)",46.095082GB/s,46.133573GB/s,46.117448GB/s
"Tesla P100-SXM2-16GB (0)","calculate_temp(int, float*, float*, float*, int, int, int, int, float, float, float, float, float)",7,"l2_read_throughput","L2 Throughput (Reads)",147.141891GB/s,147.435210GB/s,147.268972GB/s
"Tesla P100-SXM2-16GB (0)","calculate_temp(int, float*, float*, float*, int, int, int, int, float, float, float, float, float)",7,"l2_write_throughput","L2 Throughput (Writes)",46.112230GB/s,46.151594GB/s,46.134850GB/s
"Tesla P100-SXM2-16GB (0)","calculate_temp(int, float*, float*, float*, int, int, int, int, float, float, float, float, float)",7,"sysmem_read_throughput","System Memory Read Throughput",0.000000B/s,0.000000B/s,0.000000B/s
"Tesla P100-SXM2-16GB (0)","calculate_temp(int, float*, float*, float*, int, int, int, int, float, float, float, float, float)",7,"sysmem_write_throughput","System Memory Write Throughput",4.390007MB/s,4.393673MB/s,4.392110MB/s
"Tesla P100-SXM2-16GB (0)","calculate_temp(int, float*, float*, float*, int, int, int, int, float, float, float, float, float)",7,"local_load_throughput","Local Memory Load Throughput",0.000000B/s,0.000000B/s,0.000000B/s
"Tesla P100-SXM2-16GB (0)","calculate_temp(int, float*, float*, float*, int, int, int, int, float, float, float, float, float)",7,"local_store_throughput","Local Memory Store Throughput",0.000000B/s,0.000000B/s,0.000000B/s
"Tesla P100-SXM2-16GB (0)","calculate_temp(int, float*, float*, float*, int, int, int, int, float, float, float, float, float)",7,"shared_load_throughput","Shared Memory Load Throughput",615.273310GB/s,615.787086GB/s,615.571854GB/s
"Tesla P100-SXM2-16GB (0)","calculate_temp(int, float*, float*, float*, int, int, int, int, float, float, float, float, float)",7,"shared_store_throughput","Shared Memory Store Throughput",238.322548GB/s,238.521556GB/s,238.438187GB/s
"Tesla P100-SXM2-16GB (0)","calculate_temp(int, float*, float*, float*, int, int, int, int, float, float, float, float, float)",7,"gld_efficiency","Global Memory Load Efficiency",66.929134%,66.929134%,66.929134%
"Tesla P100-SXM2-16GB (0)","calculate_temp(int, float*, float*, float*, int, int, int, int, float, float, float, float, float)",7,"gst_efficiency","Global Memory Store Efficiency",60.952381%,60.952381%,60.952381%
"Tesla P100-SXM2-16GB (0)","calculate_temp(int, float*, float*, float*, int, int, int, int, float, float, float, float, float)",7,"tex_cache_transactions","Unified Cache Transactions",116960,116960,116960
"Tesla P100-SXM2-16GB (0)","calculate_temp(int, float*, float*, float*, int, int, int, int, float, float, float, float, float)",7,"flop_count_dp","Floating Point Operations(Double Precision)",6173600,6173600,6173600
"Tesla P100-SXM2-16GB (0)","calculate_temp(int, float*, float*, float*, int, int, int, int, float, float, float, float, float)",7,"flop_count_dp_add","Floating Point Operations(Double Precision Add)",2469440,2469440,2469440
"Tesla P100-SXM2-16GB (0)","calculate_temp(int, float*, float*, float*, int, int, int, int, float, float, float, float, float)",7,"flop_count_dp_fma","Floating Point Operations(Double Precision FMA)",1852080,1852080,1852080
"Tesla P100-SXM2-16GB (0)","calculate_temp(int, float*, float*, float*, int, int, int, int, float, float, float, float, float)",7,"flop_count_dp_mul","Floating Point Operations(Double Precision Mul)",0,0,0
"Tesla P100-SXM2-16GB (0)","calculate_temp(int, float*, float*, float*, int, int, int, int, float, float, float, float, float)",7,"flop_count_sp","Floating Point Operations(Single Precision)",16669760,16669760,16669760
"Tesla P100-SXM2-16GB (0)","calculate_temp(int, float*, float*, float*, int, int, int, int, float, float, float, float, float)",7,"flop_count_sp_add","Floating Point Operations(Single Precision Add)",3745456,3745456,3745456
"Tesla P100-SXM2-16GB (0)","calculate_temp(int, float*, float*, float*, int, int, int, int, float, float, float, float, float)",7,"flop_count_sp_fma","Floating Point Operations(Single Precision FMA)",6153472,6153472,6153472
"Tesla P100-SXM2-16GB (0)","calculate_temp(int, float*, float*, float*, int, int, int, int, float, float, float, float, float)",7,"flop_count_sp_mul","Floating Point Operation(Single Precision Mul)",617360,617360,617360
"Tesla P100-SXM2-16GB (0)","calculate_temp(int, float*, float*, float*, int, int, int, int, float, float, float, float, float)",7,"flop_count_sp_special","Floating Point Operations(Single Precision Special)",1893376,1893376,1893376
"Tesla P100-SXM2-16GB (0)","calculate_temp(int, float*, float*, float*, int, int, int, int, float, float, float, float, float)",7,"inst_executed","Instructions Executed",3906808,3906808,3906808
"Tesla P100-SXM2-16GB (0)","calculate_temp(int, float*, float*, float*, int, int, int, int, float, float, float, float, float)",7,"inst_issued","Instructions Issued",3918551,3923975,3921029
"Tesla P100-SXM2-16GB (0)","calculate_temp(int, float*, float*, float*, int, int, int, int, float, float, float, float, float)",7,"dram_utilization","Device Memory Utilization","Low (1)","Low (1)","Low (1)"
"Tesla P100-SXM2-16GB (0)","calculate_temp(int, float*, float*, float*, int, int, int, int, float, float, float, float, float)",7,"sysmem_utilization","System Memory Utilization","Low (1)","Low (1)","Low (1)"
"Tesla P100-SXM2-16GB (0)","calculate_temp(int, float*, float*, float*, int, int, int, int, float, float, float, float, float)",7,"stall_inst_fetch","Issue Stall Reasons (Instructions Fetch)",5.351537%,5.474688%,5.402058%
"Tesla P100-SXM2-16GB (0)","calculate_temp(int, float*, float*, float*, int, int, int, int, float, float, float, float, float)",7,"stall_exec_dependency","Issue Stall Reasons (Execution Dependency)",10.242286%,10.465895%,10.323631%
"Tesla P100-SXM2-16GB (0)","calculate_temp(int, float*, float*, float*, int, int, int, int, float, float, float, float, float)",7,"stall_memory_dependency","Issue Stall Reasons (Data Request)",7.503062%,8.920384%,8.304417%
"Tesla P100-SXM2-16GB (0)","calculate_temp(int, float*, float*, float*, int, int, int, int, float, float, float, float, float)",7,"stall_texture","Issue Stall Reasons (Texture)",0.000000%,0.000000%,0.000000%
"Tesla P100-SXM2-16GB (0)","calculate_temp(int, float*, float*, float*, int, int, int, int, float, float, float, float, float)",7,"stall_sync","Issue Stall Reasons (Synchronization)",14.088412%,14.768894%,14.464154%
"Tesla P100-SXM2-16GB (0)","calculate_temp(int, float*, float*, float*, int, int, int, int, float, float, float, float, float)",7,"stall_other","Issue Stall Reasons (Other)",53.197176%,53.761137%,53.456011%
"Tesla P100-SXM2-16GB (0)","calculate_temp(int, float*, float*, float*, int, int, int, int, float, float, float, float, float)",7,"stall_constant_memory_dependency","Issue Stall Reasons (Immediate constant)",0.787399%,2.577530%,1.918513%
"Tesla P100-SXM2-16GB (0)","calculate_temp(int, float*, float*, float*, int, int, int, int, float, float, float, float, float)",7,"stall_pipe_busy","Issue Stall Reasons (Pipe Busy)",2.426831%,2.537554%,2.477181%
"Tesla P100-SXM2-16GB (0)","calculate_temp(int, float*, float*, float*, int, int, int, int, float, float, float, float, float)",7,"shared_efficiency","Shared Memory Efficiency",78.029122%,78.029122%,78.029122%
"Tesla P100-SXM2-16GB (0)","calculate_temp(int, float*, float*, float*, int, int, int, int, float, float, float, float, float)",7,"inst_fp_32","FP Instructions(Single)",12883008,12883008,12883008
"Tesla P100-SXM2-16GB (0)","calculate_temp(int, float*, float*, float*, int, int, int, int, float, float, float, float, float)",7,"inst_fp_64","FP Instructions(Double)",4321520,4321520,4321520
"Tesla P100-SXM2-16GB (0)","calculate_temp(int, float*, float*, float*, int, int, int, int, float, float, float, float, float)",7,"inst_integer","Integer Instructions",52711888,52711888,52711888
"Tesla P100-SXM2-16GB (0)","calculate_temp(int, float*, float*, float*, int, int, int, int, float, float, float, float, float)",7,"inst_bit_convert","Bit-Convert Instructions",5124192,5124192,5124192
"Tesla P100-SXM2-16GB (0)","calculate_temp(int, float*, float*, float*, int, int, int, int, float, float, float, float, float)",7,"inst_control","Control-Flow Instructions",6626816,6626816,6626816
"Tesla P100-SXM2-16GB (0)","calculate_temp(int, float*, float*, float*, int, int, int, int, float, float, float, float, float)",7,"inst_compute_ld_st","Load/Store Instructions",9299216,9299216,9299216
"Tesla P100-SXM2-16GB (0)","calculate_temp(int, float*, float*, float*, int, int, int, int, float, float, float, float, float)",7,"inst_misc","Misc Instructions",17971248,17971248,17971248
"Tesla P100-SXM2-16GB (0)","calculate_temp(int, float*, float*, float*, int, int, int, int, float, float, float, float, float)",7,"inst_inter_thread_communication","Inter-Thread Instructions",0,0,0
"Tesla P100-SXM2-16GB (0)","calculate_temp(int, float*, float*, float*, int, int, int, int, float, float, float, float, float)",7,"issue_slots","Issue Slots",3468118,3473099,3470271
"Tesla P100-SXM2-16GB (0)","calculate_temp(int, float*, float*, float*, int, int, int, int, float, float, float, float, float)",7,"cf_issued","Issued Control-Flow Instructions",332304,332304,332304
"Tesla P100-SXM2-16GB (0)","calculate_temp(int, float*, float*, float*, int, int, int, int, float, float, float, float, float)",7,"cf_executed","Executed Control-Flow Instructions",332304,332304,332304
"Tesla P100-SXM2-16GB (0)","calculate_temp(int, float*, float*, float*, int, int, int, int, float, float, float, float, float)",7,"ldst_issued","Issued Load/Store Instructions",587724,587724,587724
"Tesla P100-SXM2-16GB (0)","calculate_temp(int, float*, float*, float*, int, int, int, int, float, float, float, float, float)",7,"ldst_executed","Executed Load/Store Instructions",526148,526148,526148
"Tesla P100-SXM2-16GB (0)","calculate_temp(int, float*, float*, float*, int, int, int, int, float, float, float, float, float)",7,"atomic_transactions","Atomic Transactions",0,0,0
"Tesla P100-SXM2-16GB (0)","calculate_temp(int, float*, float*, float*, int, int, int, int, float, float, float, float, float)",7,"atomic_transactions_per_request","Atomic Transactions Per Request",0.000000,0.000000,0.000000
"Tesla P100-SXM2-16GB (0)","calculate_temp(int, float*, float*, float*, int, int, int, int, float, float, float, float, float)",7,"l2_atomic_throughput","L2 Throughput (Atomic requests)",0.000000B/s,0.000000B/s,0.000000B/s
"Tesla P100-SXM2-16GB (0)","calculate_temp(int, float*, float*, float*, int, int, int, int, float, float, float, float, float)",7,"l2_atomic_transactions","L2 Transactions (Atomic requests)",0,0,0
"Tesla P100-SXM2-16GB (0)","calculate_temp(int, float*, float*, float*, int, int, int, int, float, float, float, float, float)",7,"l2_tex_read_transactions","L2 Transactions (Texture Reads)",171312,171688,171497
"Tesla P100-SXM2-16GB (0)","calculate_temp(int, float*, float*, float*, int, int, int, int, float, float, float, float, float)",7,"stall_memory_throttle","Issue Stall Reasons (Memory Throttle)",0.025643%,0.027005%,0.026251%
"Tesla P100-SXM2-16GB (0)","calculate_temp(int, float*, float*, float*, int, int, int, int, float, float, float, float, float)",7,"stall_not_selected","Issue Stall Reasons (Not Selected)",3.603709%,3.675831%,3.627784%
"Tesla P100-SXM2-16GB (0)","calculate_temp(int, float*, float*, float*, int, int, int, int, float, float, float, float, float)",7,"l2_tex_write_transactions","L2 Transactions (Texture Writes)",53760,53760,53760
"Tesla P100-SXM2-16GB (0)","calculate_temp(int, float*, float*, float*, int, int, int, int, float, float, float, float, float)",7,"nvlink_total_data_transmitted","NVLink Total Data Transmitted",576,576,576
"Tesla P100-SXM2-16GB (0)","calculate_temp(int, float*, float*, float*, int, int, int, int, float, float, float, float, float)",7,"nvlink_total_data_received","NVLink Total Data Received",384,384,384
"Tesla P100-SXM2-16GB (0)","calculate_temp(int, float*, float*, float*, int, int, int, int, float, float, float, float, float)",7,"nvlink_user_data_transmitted","NVLink User Data Transmitted",0,0,0
"Tesla P100-SXM2-16GB (0)","calculate_temp(int, float*, float*, float*, int, int, int, int, float, float, float, float, float)",7,"nvlink_user_data_received","NVLink User Data Received",0,0,0
"Tesla P100-SXM2-16GB (0)","calculate_temp(int, float*, float*, float*, int, int, int, int, float, float, float, float, float)",7,"nvlink_overhead_data_transmitted","NVLink Overhead Data Transmitted",100.000000%,100.000000%,100.000000%
"Tesla P100-SXM2-16GB (0)","calculate_temp(int, float*, float*, float*, int, int, int, int, float, float, float, float, float)",7,"nvlink_overhead_data_received","NVLink Overhead Data Received",100.000000%,100.000000%,100.000000%
"Tesla P100-SXM2-16GB (0)","calculate_temp(int, float*, float*, float*, int, int, int, int, float, float, float, float, float)",7,"nvlink_total_nratom_data_transmitted","NVLink Total Nratom Data Transmitted",0,0,0
"Tesla P100-SXM2-16GB (0)","calculate_temp(int, float*, float*, float*, int, int, int, int, float, float, float, float, float)",7,"nvlink_user_nratom_data_transmitted","NVLink User Nratom Data Transmitted",0,0,0
"Tesla P100-SXM2-16GB (0)","calculate_temp(int, float*, float*, float*, int, int, int, int, float, float, float, float, float)",7,"nvlink_total_ratom_data_transmitted","NVLink Total Ratom Data Transmitted",0,0,0
"Tesla P100-SXM2-16GB (0)","calculate_temp(int, float*, float*, float*, int, int, int, int, float, float, float, float, float)",7,"nvlink_user_ratom_data_transmitted","NVLink User Ratom Data Transmitted",0,0,0
"Tesla P100-SXM2-16GB (0)","calculate_temp(int, float*, float*, float*, int, int, int, int, float, float, float, float, float)",7,"nvlink_total_write_data_transmitted","NVLink Total Write Data Transmitted",0,0,0
"Tesla P100-SXM2-16GB (0)","calculate_temp(int, float*, float*, float*, int, int, int, int, float, float, float, float, float)",7,"nvlink_user_write_data_transmitted","NVLink User Write Data Transmitted",0,0,0
"Tesla P100-SXM2-16GB (0)","calculate_temp(int, float*, float*, float*, int, int, int, int, float, float, float, float, float)",7,"nvlink_transmit_throughput","NVLink Transmit Throughput",15.804028MB/s,15.817225MB/s,15.811668MB/s
"Tesla P100-SXM2-16GB (0)","calculate_temp(int, float*, float*, float*, int, int, int, int, float, float, float, float, float)",7,"nvlink_receive_throughput","NVLink Receive Throughput",10.536018MB/s,10.544816MB/s,10.541103MB/s
"Tesla P100-SXM2-16GB (0)","calculate_temp(int, float*, float*, float*, int, int, int, int, float, float, float, float, float)",7,"nvlink_total_response_data_received","NVLink Total Response Data Received",0,0,0
"Tesla P100-SXM2-16GB (0)","calculate_temp(int, float*, float*, float*, int, int, int, int, float, float, float, float, float)",7,"nvlink_user_response_data_received","NVLink User Response Data Received",0,0,0
"Tesla P100-SXM2-16GB (0)","calculate_temp(int, float*, float*, float*, int, int, int, int, float, float, float, float, float)",7,"flop_count_hp","Floating Point Operations(Half Precision)",0,0,0
"Tesla P100-SXM2-16GB (0)","calculate_temp(int, float*, float*, float*, int, int, int, int, float, float, float, float, float)",7,"flop_count_hp_add","Floating Point Operations(Half Precision Add)",0,0,0
"Tesla P100-SXM2-16GB (0)","calculate_temp(int, float*, float*, float*, int, int, int, int, float, float, float, float, float)",7,"flop_count_hp_mul","Floating Point Operation(Half Precision Mul)",0,0,0
"Tesla P100-SXM2-16GB (0)","calculate_temp(int, float*, float*, float*, int, int, int, int, float, float, float, float, float)",7,"flop_count_hp_fma","Floating Point Operations(Half Precision FMA)",0,0,0
"Tesla P100-SXM2-16GB (0)","calculate_temp(int, float*, float*, float*, int, int, int, int, float, float, float, float, float)",7,"inst_fp_16","HP Instructions(Half)",0,0,0
"Tesla P100-SXM2-16GB (0)","calculate_temp(int, float*, float*, float*, int, int, int, int, float, float, float, float, float)",7,"ipc","Executed IPC",1.643833,1.666003,1.654675
"Tesla P100-SXM2-16GB (0)","calculate_temp(int, float*, float*, float*, int, int, int, int, float, float, float, float, float)",7,"issued_ipc","Issued IPC",1.617863,1.664187,1.644509
"Tesla P100-SXM2-16GB (0)","calculate_temp(int, float*, float*, float*, int, int, int, int, float, float, float, float, float)",7,"issue_slot_utilization","Issue Slot Utilization",71.598301%,73.642802%,72.772581%
"Tesla P100-SXM2-16GB (0)","calculate_temp(int, float*, float*, float*, int, int, int, int, float, float, float, float, float)",7,"sm_efficiency","Multiprocessor Activity",84.705623%,88.362108%,85.500615%
"Tesla P100-SXM2-16GB (0)","calculate_temp(int, float*, float*, float*, int, int, int, int, float, float, float, float, float)",7,"achieved_occupancy","Achieved Occupancy",0.679194,0.680177,0.679647
"Tesla P100-SXM2-16GB (0)","calculate_temp(int, float*, float*, float*, int, int, int, int, float, float, float, float, float)",7,"eligible_warps_per_cycle","Eligible Warps Per Active Cycle",2.939599,2.977059,2.959608
"Tesla P100-SXM2-16GB (0)","calculate_temp(int, float*, float*, float*, int, int, int, int, float, float, float, float, float)",7,"shared_utilization","Shared Memory Utilization","Low (1)","Low (1)","Low (1)"
"Tesla P100-SXM2-16GB (0)","calculate_temp(int, float*, float*, float*, int, int, int, int, float, float, float, float, float)",7,"l2_utilization","L2 Cache Utilization","Low (1)","Low (1)","Low (1)"
"Tesla P100-SXM2-16GB (0)","calculate_temp(int, float*, float*, float*, int, int, int, int, float, float, float, float, float)",7,"tex_utilization","Unified Cache Utilization","Low (1)","Low (1)","Low (1)"
"Tesla P100-SXM2-16GB (0)","calculate_temp(int, float*, float*, float*, int, int, int, int, float, float, float, float, float)",7,"ldst_fu_utilization","Load/Store Function Unit Utilization","Low (2)","Low (2)","Low (2)"
"Tesla P100-SXM2-16GB (0)","calculate_temp(int, float*, float*, float*, int, int, int, int, float, float, float, float, float)",7,"cf_fu_utilization","Control-Flow Function Unit Utilization","Low (1)","Low (1)","Low (1)"
"Tesla P100-SXM2-16GB (0)","calculate_temp(int, float*, float*, float*, int, int, int, int, float, float, float, float, float)",7,"tex_fu_utilization","Texture Function Unit Utilization","Low (1)","Low (1)","Low (1)"
"Tesla P100-SXM2-16GB (0)","calculate_temp(int, float*, float*, float*, int, int, int, int, float, float, float, float, float)",7,"special_fu_utilization","Special Function Unit Utilization","Low (1)","Low (1)","Low (1)"
"Tesla P100-SXM2-16GB (0)","calculate_temp(int, float*, float*, float*, int, int, int, int, float, float, float, float, float)",7,"half_precision_fu_utilization","Half-Precision Function Unit Utilization","Idle (0)","Idle (0)","Idle (0)"
"Tesla P100-SXM2-16GB (0)","calculate_temp(int, float*, float*, float*, int, int, int, int, float, float, float, float, float)",7,"single_precision_fu_utilization","Single-Precision Function Unit Utilization","Mid (6)","Mid (6)","Mid (6)"
"Tesla P100-SXM2-16GB (0)","calculate_temp(int, float*, float*, float*, int, int, int, int, float, float, float, float, float)",7,"double_precision_fu_utilization","Double-Precision Function Unit Utilization","Low (1)","Low (1)","Low (1)"
"Tesla P100-SXM2-16GB (0)","calculate_temp(int, float*, float*, float*, int, int, int, int, float, float, float, float, float)",7,"flop_hp_efficiency","FLOP Efficiency(Peak Half)",0.000000%,0.000000%,0.000000%
"Tesla P100-SXM2-16GB (0)","calculate_temp(int, float*, float*, float*, int, int, int, int, float, float, float, float, float)",7,"flop_sp_efficiency","FLOP Efficiency(Peak Single)",4.659431%,4.907260%,4.716201%
"Tesla P100-SXM2-16GB (0)","calculate_temp(int, float*, float*, float*, int, int, int, int, float, float, float, float, float)",7,"flop_dp_efficiency","FLOP Efficiency(Peak Double)",3.451215%,3.634781%,3.493264%
"Tesla P100-SXM2-16GB (0)","calculate_temp(int, float*, float*, float*, int, int, int, int, float, float, float, float, float)",7,"sysmem_read_utilization","System Memory Read Utilization","Idle (0)","Idle (0)","Idle (0)"
"Tesla P100-SXM2-16GB (0)","calculate_temp(int, float*, float*, float*, int, int, int, int, float, float, float, float, float)",7,"sysmem_write_utilization","System Memory Write Utilization","Low (1)","Low (1)","Low (1)"
"Tesla P100-SXM2-16GB (0)","calculate_temp(int, float*, float*, float*, int, int, int, int, float, float, float, float, float)",7,"pcie_total_data_transmitted","PCIe Total Data Transmitted",0,512,219
"Tesla P100-SXM2-16GB (0)","calculate_temp(int, float*, float*, float*, int, int, int, int, float, float, float, float, float)",7,"pcie_total_data_received","PCIe Total Data Received",0,512,73
"Tesla P100-SXM2-16GB (0)","calculate_temp(int, float*, float*, float*, int, int, int, int, float, float, float, float, float)",7,"inst_executed_global_loads","Warp level instructions for global loads",29240,29240,29240
"Tesla P100-SXM2-16GB (0)","calculate_temp(int, float*, float*, float*, int, int, int, int, float, float, float, float, float)",7,"inst_executed_local_loads","Warp level instructions for local loads",0,0,0
"Tesla P100-SXM2-16GB (0)","calculate_temp(int, float*, float*, float*, int, int, int, int, float, float, float, float, float)",7,"inst_executed_shared_loads","Warp level instructions for shared loads",179568,179568,179568
"Tesla P100-SXM2-16GB (0)","calculate_temp(int, float*, float*, float*, int, int, int, int, float, float, float, float, float)",7,"inst_executed_surface_loads","Warp level instructions for surface loads",0,0,0
"Tesla P100-SXM2-16GB (0)","calculate_temp(int, float*, float*, float*, int, int, int, int, float, float, float, float, float)",7,"inst_executed_global_stores","Warp level instructions for global stores",11008,11008,11008
"Tesla P100-SXM2-16GB (0)","calculate_temp(int, float*, float*, float*, int, int, int, int, float, float, float, float, float)",7,"inst_executed_local_stores","Warp level instructions for local stores",0,0,0
"Tesla P100-SXM2-16GB (0)","calculate_temp(int, float*, float*, float*, int, int, int, int, float, float, float, float, float)",7,"inst_executed_shared_stores","Warp level instructions for shared stores",69660,69660,69660
"Tesla P100-SXM2-16GB (0)","calculate_temp(int, float*, float*, float*, int, int, int, int, float, float, float, float, float)",7,"inst_executed_surface_stores","Warp level instructions for surface stores",0,0,0
"Tesla P100-SXM2-16GB (0)","calculate_temp(int, float*, float*, float*, int, int, int, int, float, float, float, float, float)",7,"inst_executed_global_atomics","Warp level instructions for global atom and atom cas",0,0,0
"Tesla P100-SXM2-16GB (0)","calculate_temp(int, float*, float*, float*, int, int, int, int, float, float, float, float, float)",7,"inst_executed_global_reductions","Warp level instructions for global reductions",0,0,0
"Tesla P100-SXM2-16GB (0)","calculate_temp(int, float*, float*, float*, int, int, int, int, float, float, float, float, float)",7,"inst_executed_surface_atomics","Warp level instructions for surface atom and atom cas",0,0,0
"Tesla P100-SXM2-16GB (0)","calculate_temp(int, float*, float*, float*, int, int, int, int, float, float, float, float, float)",7,"inst_executed_surface_reductions","Warp level instructions for surface reductions",0,0,0
"Tesla P100-SXM2-16GB (0)","calculate_temp(int, float*, float*, float*, int, int, int, int, float, float, float, float, float)",7,"inst_executed_shared_atomics","Warp level shared instructions for atom and atom CAS",0,0,0
"Tesla P100-SXM2-16GB (0)","calculate_temp(int, float*, float*, float*, int, int, int, int, float, float, float, float, float)",7,"inst_executed_tex_ops","Warp level instructions for texture",0,0,0
"Tesla P100-SXM2-16GB (0)","calculate_temp(int, float*, float*, float*, int, int, int, int, float, float, float, float, float)",7,"l2_global_load_bytes","Bytes read from L2 for misses in Unified Cache for global loads",5483264,5498112,5491785
"Tesla P100-SXM2-16GB (0)","calculate_temp(int, float*, float*, float*, int, int, int, int, float, float, float, float, float)",7,"l2_local_load_bytes","Bytes read from L2 for misses in Unified Cache for local loads",0,0,0
"Tesla P100-SXM2-16GB (0)","calculate_temp(int, float*, float*, float*, int, int, int, int, float, float, float, float, float)",7,"l2_surface_load_bytes","Bytes read from L2 for misses in Unified Cache for surface loads",0,0,0
"Tesla P100-SXM2-16GB (0)","calculate_temp(int, float*, float*, float*, int, int, int, int, float, float, float, float, float)",7,"dram_read_bytes","Total bytes read from DRAM to L2 cache",1151552,1190464,1172576
"Tesla P100-SXM2-16GB (0)","calculate_temp(int, float*, float*, float*, int, int, int, int, float, float, float, float, float)",7,"dram_write_bytes","Total bytes written from L2 cache to DRAM",388512,429920,409641
"Tesla P100-SXM2-16GB (0)","calculate_temp(int, float*, float*, float*, int, int, int, int, float, float, float, float, float)",7,"l2_local_global_store_bytes","Bytes written to L2 from Unified Cache for local and global stores.",1720320,1720320,1720320
"Tesla P100-SXM2-16GB (0)","calculate_temp(int, float*, float*, float*, int, int, int, int, float, float, float, float, float)",7,"l2_global_reduction_bytes","Bytes written to L2 from Unified cache for global reductions",0,0,0
"Tesla P100-SXM2-16GB (0)","calculate_temp(int, float*, float*, float*, int, int, int, int, float, float, float, float, float)",7,"l2_global_atomic_store_bytes","Bytes written to L2 from Unified cache for global atomics",0,0,0
"Tesla P100-SXM2-16GB (0)","calculate_temp(int, float*, float*, float*, int, int, int, int, float, float, float, float, float)",7,"l2_surface_store_bytes","Bytes written to L2 from Unified Cache for surface stores.",0,0,0
"Tesla P100-SXM2-16GB (0)","calculate_temp(int, float*, float*, float*, int, int, int, int, float, float, float, float, float)",7,"l2_surface_reduction_bytes","Bytes written to L2 from Unified Cache for surface reductions",0,0,0
"Tesla P100-SXM2-16GB (0)","calculate_temp(int, float*, float*, float*, int, int, int, int, float, float, float, float, float)",7,"l2_surface_atomic_store_bytes","Bytes transferred between Unified Cache and L2 for surface atomics",0,0,0
"Tesla P100-SXM2-16GB (0)","calculate_temp(int, float*, float*, float*, int, int, int, int, float, float, float, float, float)",7,"global_load_requests","Total number of global load requests from Multiprocessor",116960,116960,116960
"Tesla P100-SXM2-16GB (0)","calculate_temp(int, float*, float*, float*, int, int, int, int, float, float, float, float, float)",7,"local_load_requests","Total number of local load requests from Multiprocessor",0,0,0
"Tesla P100-SXM2-16GB (0)","calculate_temp(int, float*, float*, float*, int, int, int, int, float, float, float, float, float)",7,"surface_load_requests","Total number of surface load requests from Multiprocessor",0,0,0
"Tesla P100-SXM2-16GB (0)","calculate_temp(int, float*, float*, float*, int, int, int, int, float, float, float, float, float)",7,"global_store_requests","Total number of global store requests from Multiprocessor",44032,44032,44032
"Tesla P100-SXM2-16GB (0)","calculate_temp(int, float*, float*, float*, int, int, int, int, float, float, float, float, float)",7,"local_store_requests","Total number of local store requests from Multiprocessor",0,0,0
"Tesla P100-SXM2-16GB (0)","calculate_temp(int, float*, float*, float*, int, int, int, int, float, float, float, float, float)",7,"surface_store_requests","Total number of surface store requests from Multiprocessor",0,0,0
"Tesla P100-SXM2-16GB (0)","calculate_temp(int, float*, float*, float*, int, int, int, int, float, float, float, float, float)",7,"global_atomic_requests","Total number of global atomic requests from Multiprocessor",0,0,0
"Tesla P100-SXM2-16GB (0)","calculate_temp(int, float*, float*, float*, int, int, int, int, float, float, float, float, float)",7,"global_reduction_requests","Total number of global reduction requests from Multiprocessor",0,0,0
"Tesla P100-SXM2-16GB (0)","calculate_temp(int, float*, float*, float*, int, int, int, int, float, float, float, float, float)",7,"surface_atomic_requests","Total number of surface atomic requests from Multiprocessor",0,0,0
"Tesla P100-SXM2-16GB (0)","calculate_temp(int, float*, float*, float*, int, int, int, int, float, float, float, float, float)",7,"surface_reduction_requests","Total number of surface reduction requests from Multiprocessor",0,0,0
"Tesla P100-SXM2-16GB (0)","calculate_temp(int, float*, float*, float*, int, int, int, int, float, float, float, float, float)",7,"sysmem_read_bytes","System Memory Read Bytes",0,0,0
"Tesla P100-SXM2-16GB (0)","calculate_temp(int, float*, float*, float*, int, int, int, int, float, float, float, float, float)",7,"sysmem_write_bytes","System Memory Write Bytes",160,160,160
"Tesla P100-SXM2-16GB (0)","calculate_temp(int, float*, float*, float*, int, int, int, int, float, float, float, float, float)",7,"l2_tex_hit_rate","L2 Cache Hit Rate",83.387738%,84.298299%,83.791354%
"Tesla P100-SXM2-16GB (0)","calculate_temp(int, float*, float*, float*, int, int, int, int, float, float, float, float, float)",7,"texture_load_requests","Total number of texture Load requests from Multiprocessor",0,0,0
"Tesla P100-SXM2-16GB (0)","calculate_temp(int, float*, float*, float*, int, int, int, int, float, float, float, float, float)",7,"unique_warps_launched","Number of warps launched",14792,14792,14792
