==12647== NVPROF is profiling process 12647, command: ./bfs ../../data/bfs/graph1M.txt
==12647== Some kernel(s) will be replayed on device 0 in order to collect all events/metrics.
==12647== Profiling application: ./bfs ../../data/bfs/graph1M.txt
==12647== Profiling result:
==12647== Metric result:
"Device","Kernel","Invocations","Metric Name","Metric Description","Min","Max","Avg"
"Tesla P100-SXM2-16GB (0)","Kernel(Node*, int*, bool*, bool*, bool*, int*, int)",84,"inst_per_warp","Instructions per warp",17.004028,309.480286,104.885106
"Tesla P100-SXM2-16GB (0)","Kernel(Node*, int*, bool*, bool*, bool*, int*, int)",84,"branch_efficiency","Branch Efficiency",70.826725%,100.000000%,93.738346%
"Tesla P100-SXM2-16GB (0)","Kernel(Node*, int*, bool*, bool*, bool*, int*, int)",84,"warp_execution_efficiency","Warp Execution Efficiency",13.900160%,99.977050%,61.814347%
"Tesla P100-SXM2-16GB (0)","Kernel(Node*, int*, bool*, bool*, bool*, int*, int)",84,"warp_nonpred_execution_efficiency","Warp Non-Predicated Execution Efficiency",12.729917%,94.096079%,56.842810%
"Tesla P100-SXM2-16GB (0)","Kernel(Node*, int*, bool*, bool*, bool*, int*, int)",84,"inst_replay_overhead","Instruction Replay Overhead",0.000547,0.012865,0.005714
"Tesla P100-SXM2-16GB (0)","Kernel(Node*, int*, bool*, bool*, bool*, int*, int)",84,"shared_load_transactions_per_request","Shared Memory Load Transactions Per Request",0.000000,0.000000,0.000000
"Tesla P100-SXM2-16GB (0)","Kernel(Node*, int*, bool*, bool*, bool*, int*, int)",84,"shared_store_transactions_per_request","Shared Memory Store Transactions Per Request",0.000000,0.000000,0.000000
"Tesla P100-SXM2-16GB (0)","Kernel(Node*, int*, bool*, bool*, bool*, int*, int)",84,"local_load_transactions_per_request","Local Memory Load Transactions Per Request",0.000000,0.000000,0.000000
"Tesla P100-SXM2-16GB (0)","Kernel(Node*, int*, bool*, bool*, bool*, int*, int)",84,"local_store_transactions_per_request","Local Memory Store Transactions Per Request",0.000000,0.000000,0.000000
"Tesla P100-SXM2-16GB (0)","Kernel(Node*, int*, bool*, bool*, bool*, int*, int)",84,"gld_transactions_per_request","Global Load Transactions Per Request",2.049908,8.956577,4.373801
"Tesla P100-SXM2-16GB (0)","Kernel(Node*, int*, bool*, bool*, bool*, int*, int)",84,"gst_transactions_per_request","Global Store Transactions Per Request",0.088664,3.647975,1.066575
"Tesla P100-SXM2-16GB (0)","Kernel(Node*, int*, bool*, bool*, bool*, int*, int)",84,"shared_store_transactions","Shared Store Transactions",0,0,0
"Tesla P100-SXM2-16GB (0)","Kernel(Node*, int*, bool*, bool*, bool*, int*, int)",84,"shared_load_transactions","Shared Load Transactions",0,0,0
"Tesla P100-SXM2-16GB (0)","Kernel(Node*, int*, bool*, bool*, bool*, int*, int)",84,"local_load_transactions","Local Load Transactions",0,0,0
"Tesla P100-SXM2-16GB (0)","Kernel(Node*, int*, bool*, bool*, bool*, int*, int)",84,"local_store_transactions","Local Store Transactions",0,0,0
"Tesla P100-SXM2-16GB (0)","Kernel(Node*, int*, bool*, bool*, bool*, int*, int)",84,"gld_transactions","Global Load Transactions",131150,14913094,2982821
"Tesla P100-SXM2-16GB (0)","Kernel(Node*, int*, bool*, bool*, bool*, int*, int)",84,"gst_transactions","Global Store Transactions",9,2405708,341715
"Tesla P100-SXM2-16GB (0)","Kernel(Node*, int*, bool*, bool*, bool*, int*, int)",84,"sysmem_read_transactions","System Memory Read Transactions",0,0,0
"Tesla P100-SXM2-16GB (0)","Kernel(Node*, int*, bool*, bool*, bool*, int*, int)",84,"sysmem_write_transactions","System Memory Write Transactions",5,5,5
"Tesla P100-SXM2-16GB (0)","Kernel(Node*, int*, bool*, bool*, bool*, int*, int)",84,"l2_read_transactions","L2 Read Transactions",32872,6461202,1330011
"Tesla P100-SXM2-16GB (0)","Kernel(Node*, int*, bool*, bool*, bool*, int*, int)",84,"l2_write_transactions","L2 Write Transactions",22,4170993,588474
"Tesla P100-SXM2-16GB (0)","Kernel(Node*, int*, bool*, bool*, bool*, int*, int)",84,"dram_read_transactions","Device Memory Read Transactions",15,6555681,967500
"Tesla P100-SXM2-16GB (0)","Kernel(Node*, int*, bool*, bool*, bool*, int*, int)",84,"dram_write_transactions","Device Memory Write Transactions",5296,2178331,333831
"Tesla P100-SXM2-16GB (0)","Kernel(Node*, int*, bool*, bool*, bool*, int*, int)",84,"global_hit_rate","Global Hit Rate in unified l1/tex",0.042696%,45.877278%,15.687922%
"Tesla P100-SXM2-16GB (0)","Kernel(Node*, int*, bool*, bool*, bool*, int*, int)",84,"local_hit_rate","Local Hit Rate",0.000000%,0.000000%,0.000000%
"Tesla P100-SXM2-16GB (0)","Kernel(Node*, int*, bool*, bool*, bool*, int*, int)",84,"gld_requested_throughput","Requested Global Load Throughput",21.801978GB/s,107.867603GB/s,36.442585GB/s
"Tesla P100-SXM2-16GB (0)","Kernel(Node*, int*, bool*, bool*, bool*, int*, int)",84,"gst_requested_throughput","Requested Global Store Throughput",1.692483MB/s,7.461643GB/s,5.236291GB/s
"Tesla P100-SXM2-16GB (0)","Kernel(Node*, int*, bool*, bool*, bool*, int*, int)",84,"gld_throughput","Global Load Throughput",53.584698GB/s,466.468264GB/s,284.420425GB/s
"Tesla P100-SXM2-16GB (0)","Kernel(Node*, int*, bool*, bool*, bool*, int*, int)",84,"gst_throughput","Global Store Throughput",23.211205MB/s,91.269299GB/s,62.761142GB/s
"Tesla P100-SXM2-16GB (0)","Kernel(Node*, int*, bool*, bool*, bool*, int*, int)",84,"local_memory_overhead","Local Memory Overhead",0.000000%,0.000000%,0.000000%
"Tesla P100-SXM2-16GB (0)","Kernel(Node*, int*, bool*, bool*, bool*, int*, int)",84,"tex_cache_hit_rate","Unified Cache Hit Rate",9.273767%,74.992944%,51.993341%
"Tesla P100-SXM2-16GB (0)","Kernel(Node*, int*, bool*, bool*, bool*, int*, int)",84,"l2_tex_read_hit_rate","L2 Hit Rate (Texture Reads)",0.000000%,99.975592%,66.645976%
"Tesla P100-SXM2-16GB (0)","Kernel(Node*, int*, bool*, bool*, bool*, int*, int)",84,"l2_tex_write_hit_rate","L2 Hit Rate (Texture Writes)",8.333333%,100.000000%,42.168514%
"Tesla P100-SXM2-16GB (0)","Kernel(Node*, int*, bool*, bool*, bool*, int*, int)",84,"dram_read_throughput","Device Memory Read Throughput",50.447837MB/s,248.526669GB/s,177.695829GB/s
"Tesla P100-SXM2-16GB (0)","Kernel(Node*, int*, bool*, bool*, bool*, int*, int)",84,"dram_write_throughput","Device Memory Write Throughput",9.823416GB/s,82.541404GB/s,61.313194GB/s
"Tesla P100-SXM2-16GB (0)","Kernel(Node*, int*, bool*, bool*, bool*, int*, int)",84,"tex_cache_throughput","Unified Cache Throughput",143.559319GB/s,431.511559GB/s,186.991647GB/s
"Tesla P100-SXM2-16GB (0)","Kernel(Node*, int*, bool*, bool*, bool*, int*, int)",84,"l2_tex_read_throughput","L2 Throughput (Texture Reads)",42.183050GB/s,437.191016GB/s,244.301553GB/s
"Tesla P100-SXM2-16GB (0)","Kernel(Node*, int*, bool*, bool*, bool*, int*, int)",84,"l2_tex_write_throughput","L2 Throughput (Texture Writes)",23.211205MB/s,91.269299GB/s,62.761142GB/s
"Tesla P100-SXM2-16GB (0)","Kernel(Node*, int*, bool*, bool*, bool*, int*, int)",84,"l2_read_throughput","L2 Throughput (Reads)",42.306132GB/s,437.167801GB/s,244.276380GB/s
"Tesla P100-SXM2-16GB (0)","Kernel(Node*, int*, bool*, bool*, bool*, int*, int)",84,"l2_write_throughput","L2 Throughput (Writes)",56.738503MB/s,158.134642GB/s,108.082124GB/s
"Tesla P100-SXM2-16GB (0)","Kernel(Node*, int*, bool*, bool*, bool*, int*, int)",84,"sysmem_read_throughput","System Memory Read Throughput",0.000000B/s,0.000000B/s,0.000000B/s
"Tesla P100-SXM2-16GB (0)","Kernel(Node*, int*, bool*, bool*, bool*, int*, int)",84,"sysmem_write_throughput","System Memory Write Throughput",198.605469KB/s,16.853091MB/s,962.926758KB/s
"Tesla P100-SXM2-16GB (0)","Kernel(Node*, int*, bool*, bool*, bool*, int*, int)",84,"local_load_throughput","Local Memory Load Throughput",0.000000B/s,0.000000B/s,0.000000B/s
"Tesla P100-SXM2-16GB (0)","Kernel(Node*, int*, bool*, bool*, bool*, int*, int)",84,"local_store_throughput","Local Memory Store Throughput",0.000000B/s,0.000000B/s,0.000000B/s
"Tesla P100-SXM2-16GB (0)","Kernel(Node*, int*, bool*, bool*, bool*, int*, int)",84,"shared_load_throughput","Shared Memory Load Throughput",0.000000B/s,0.000000B/s,0.000000B/s
"Tesla P100-SXM2-16GB (0)","Kernel(Node*, int*, bool*, bool*, bool*, int*, int)",84,"shared_store_throughput","Shared Memory Store Throughput",0.000000B/s,0.000000B/s,0.000000B/s
"Tesla P100-SXM2-16GB (0)","Kernel(Node*, int*, bool*, bool*, bool*, int*, int)",84,"gld_efficiency","Global Memory Load Efficiency",10.453735%,99.940149%,54.662100%
"Tesla P100-SXM2-16GB (0)","Kernel(Node*, int*, bool*, bool*, bool*, int*, int)",84,"gst_efficiency","Global Memory Store Efficiency",3.125000%,10.544181%,7.362217%
"Tesla P100-SXM2-16GB (0)","Kernel(Node*, int*, bool*, bool*, bool*, int*, int)",84,"tex_cache_transactions","Unified Cache Transactions",131094,4562495,1018113
"Tesla P100-SXM2-16GB (0)","Kernel(Node*, int*, bool*, bool*, bool*, int*, int)",84,"flop_count_dp","Floating Point Operations(Double Precision)",0,0,0
"Tesla P100-SXM2-16GB (0)","Kernel(Node*, int*, bool*, bool*, bool*, int*, int)",84,"flop_count_dp_add","Floating Point Operations(Double Precision Add)",0,0,0
"Tesla P100-SXM2-16GB (0)","Kernel(Node*, int*, bool*, bool*, bool*, int*, int)",84,"flop_count_dp_fma","Floating Point Operations(Double Precision FMA)",0,0,0
"Tesla P100-SXM2-16GB (0)","Kernel(Node*, int*, bool*, bool*, bool*, int*, int)",84,"flop_count_dp_mul","Floating Point Operations(Double Precision Mul)",0,0,0
"Tesla P100-SXM2-16GB (0)","Kernel(Node*, int*, bool*, bool*, bool*, int*, int)",84,"flop_count_sp","Floating Point Operations(Single Precision)",0,0,0
"Tesla P100-SXM2-16GB (0)","Kernel(Node*, int*, bool*, bool*, bool*, int*, int)",84,"flop_count_sp_add","Floating Point Operations(Single Precision Add)",0,0,0
"Tesla P100-SXM2-16GB (0)","Kernel(Node*, int*, bool*, bool*, bool*, int*, int)",84,"flop_count_sp_fma","Floating Point Operations(Single Precision FMA)",0,0,0
"Tesla P100-SXM2-16GB (0)","Kernel(Node*, int*, bool*, bool*, bool*, int*, int)",84,"flop_count_sp_mul","Floating Point Operation(Single Precision Mul)",0,0,0
"Tesla P100-SXM2-16GB (0)","Kernel(Node*, int*, bool*, bool*, bool*, int*, int)",84,"flop_count_sp_special","Floating Point Operations(Single Precision Special)",0,0,0
"Tesla P100-SXM2-16GB (0)","Kernel(Node*, int*, bool*, bool*, bool*, int*, int)",84,"inst_executed","Instructions Executed",557188,10141050,3436875
"Tesla P100-SXM2-16GB (0)","Kernel(Node*, int*, bool*, bool*, bool*, int*, int)",84,"inst_issued","Instructions Issued",562365,10149436,3442846
"Tesla P100-SXM2-16GB (0)","Kernel(Node*, int*, bool*, bool*, bool*, int*, int)",84,"dram_utilization","Device Memory Utilization","Low (1)","Mid (5)","Low (2)"
"Tesla P100-SXM2-16GB (0)","Kernel(Node*, int*, bool*, bool*, bool*, int*, int)",84,"sysmem_utilization","System Memory Utilization","Low (1)","Low (1)","Low (1)"
"Tesla P100-SXM2-16GB (0)","Kernel(Node*, int*, bool*, bool*, bool*, int*, int)",84,"stall_inst_fetch","Issue Stall Reasons (Instructions Fetch)",0.434280%,4.625668%,2.728070%
"Tesla P100-SXM2-16GB (0)","Kernel(Node*, int*, bool*, bool*, bool*, int*, int)",84,"stall_exec_dependency","Issue Stall Reasons (Execution Dependency)",0.953902%,18.775551%,9.997803%
"Tesla P100-SXM2-16GB (0)","Kernel(Node*, int*, bool*, bool*, bool*, int*, int)",84,"stall_memory_dependency","Issue Stall Reasons (Data Request)",35.424238%,97.579580%,67.384477%
"Tesla P100-SXM2-16GB (0)","Kernel(Node*, int*, bool*, bool*, bool*, int*, int)",84,"stall_texture","Issue Stall Reasons (Texture)",0.000000%,0.110655%,0.017700%
"Tesla P100-SXM2-16GB (0)","Kernel(Node*, int*, bool*, bool*, bool*, int*, int)",84,"stall_sync","Issue Stall Reasons (Synchronization)",0.000000%,0.000000%,0.000000%
"Tesla P100-SXM2-16GB (0)","Kernel(Node*, int*, bool*, bool*, bool*, int*, int)",84,"stall_other","Issue Stall Reasons (Other)",0.654748%,31.159791%,14.534573%
"Tesla P100-SXM2-16GB (0)","Kernel(Node*, int*, bool*, bool*, bool*, int*, int)",84,"stall_constant_memory_dependency","Issue Stall Reasons (Immediate constant)",0.056933%,11.720471%,4.320600%
"Tesla P100-SXM2-16GB (0)","Kernel(Node*, int*, bool*, bool*, bool*, int*, int)",84,"stall_pipe_busy","Issue Stall Reasons (Pipe Busy)",0.029298%,0.204985%,0.137811%
"Tesla P100-SXM2-16GB (0)","Kernel(Node*, int*, bool*, bool*, bool*, int*, int)",84,"shared_efficiency","Shared Memory Efficiency",0.000000%,0.000000%,0.000000%
"Tesla P100-SXM2-16GB (0)","Kernel(Node*, int*, bool*, bool*, bool*, int*, int)",84,"inst_fp_32","FP Instructions(Single)",0,0,0
"Tesla P100-SXM2-16GB (0)","Kernel(Node*, int*, bool*, bool*, bool*, int*, int)",84,"inst_fp_64","FP Instructions(Double)",0,0,0
"Tesla P100-SXM2-16GB (0)","Kernel(Node*, int*, bool*, bool*, bool*, int*, int)",84,"inst_integer","Integer Instructions",6291526,39975992,12874657
"Tesla P100-SXM2-16GB (0)","Kernel(Node*, int*, bool*, bool*, bool*, int*, int)",84,"inst_bit_convert","Bit-Convert Instructions",0,0,0
"Tesla P100-SXM2-16GB (0)","Kernel(Node*, int*, bool*, bool*, bool*, int*, int)",84,"inst_control","Control-Flow Instructions",1048579,3539978,1485578
"Tesla P100-SXM2-16GB (0)","Kernel(Node*, int*, bool*, bool*, bool*, int*, int)",84,"inst_compute_ld_st","Load/Store Instructions",1048607,12672521,3184430
"Tesla P100-SXM2-16GB (0)","Kernel(Node*, int*, bool*, bool*, bool*, int*, int)",84,"inst_misc","Misc Instructions",8388633,20481720,10728644
"Tesla P100-SXM2-16GB (0)","Kernel(Node*, int*, bool*, bool*, bool*, int*, int)",84,"inst_inter_thread_communication","Inter-Thread Instructions",0,0,0
"Tesla P100-SXM2-16GB (0)","Kernel(Node*, int*, bool*, bool*, bool*, int*, int)",84,"issue_slots","Issue Slots",562363,10083900,3419351
"Tesla P100-SXM2-16GB (0)","Kernel(Node*, int*, bool*, bool*, bool*, int*, int)",84,"cf_issued","Issued Control-Flow Instructions",65542,613469,215871
"Tesla P100-SXM2-16GB (0)","Kernel(Node*, int*, bool*, bool*, bool*, int*, int)",84,"cf_executed","Executed Control-Flow Instructions",65542,613469,215871
"Tesla P100-SXM2-16GB (0)","Kernel(Node*, int*, bool*, bool*, bool*, int*, int)",84,"ldst_issued","Issued Load/Store Instructions",196639,6231864,1354605
"Tesla P100-SXM2-16GB (0)","Kernel(Node*, int*, bool*, bool*, bool*, int*, int)",84,"ldst_executed","Executed Load/Store Instructions",98335,2390044,786368
"Tesla P100-SXM2-16GB (0)","Kernel(Node*, int*, bool*, bool*, bool*, int*, int)",84,"atomic_transactions","Atomic Transactions",0,0,0
"Tesla P100-SXM2-16GB (0)","Kernel(Node*, int*, bool*, bool*, bool*, int*, int)",84,"atomic_transactions_per_request","Atomic Transactions Per Request",0.000000,0.000000,0.000000
"Tesla P100-SXM2-16GB (0)","Kernel(Node*, int*, bool*, bool*, bool*, int*, int)",84,"l2_atomic_throughput","L2 Throughput (Atomic requests)",0.000000B/s,0.000000B/s,0.000000B/s
"Tesla P100-SXM2-16GB (0)","Kernel(Node*, int*, bool*, bool*, bool*, int*, int)",84,"l2_atomic_transactions","L2 Transactions (Atomic requests)",0,0,0
"Tesla P100-SXM2-16GB (0)","Kernel(Node*, int*, bool*, bool*, bool*, int*, int)",84,"l2_tex_read_transactions","L2 Transactions (Texture Reads)",32776,6459522,1330148
"Tesla P100-SXM2-16GB (0)","Kernel(Node*, int*, bool*, bool*, bool*, int*, int)",84,"stall_memory_throttle","Issue Stall Reasons (Memory Throttle)",0.001035%,0.108440%,0.048257%
"Tesla P100-SXM2-16GB (0)","Kernel(Node*, int*, bool*, bool*, bool*, int*, int)",84,"stall_not_selected","Issue Stall Reasons (Not Selected)",0.188834%,1.210076%,0.830710%
"Tesla P100-SXM2-16GB (0)","Kernel(Node*, int*, bool*, bool*, bool*, int*, int)",84,"l2_tex_write_transactions","L2 Transactions (Texture Writes)",9,2405708,341715
"Tesla P100-SXM2-16GB (0)","Kernel(Node*, int*, bool*, bool*, bool*, int*, int)",84,"nvlink_total_data_transmitted","NVLink Total Data Transmitted",576,576,576
"Tesla P100-SXM2-16GB (0)","Kernel(Node*, int*, bool*, bool*, bool*, int*, int)",84,"nvlink_total_data_received","NVLink Total Data Received",384,384,384
"Tesla P100-SXM2-16GB (0)","Kernel(Node*, int*, bool*, bool*, bool*, int*, int)",84,"nvlink_user_data_transmitted","NVLink User Data Transmitted",0,0,0
"Tesla P100-SXM2-16GB (0)","Kernel(Node*, int*, bool*, bool*, bool*, int*, int)",84,"nvlink_user_data_received","NVLink User Data Received",0,0,0
"Tesla P100-SXM2-16GB (0)","Kernel(Node*, int*, bool*, bool*, bool*, int*, int)",84,"nvlink_overhead_data_transmitted","NVLink Overhead Data Transmitted",100.000000%,100.000000%,100.000000%
"Tesla P100-SXM2-16GB (0)","Kernel(Node*, int*, bool*, bool*, bool*, int*, int)",84,"nvlink_overhead_data_received","NVLink Overhead Data Received",100.000000%,100.000000%,100.000000%
"Tesla P100-SXM2-16GB (0)","Kernel(Node*, int*, bool*, bool*, bool*, int*, int)",84,"nvlink_total_nratom_data_transmitted","NVLink Total Nratom Data Transmitted",0,0,0
"Tesla P100-SXM2-16GB (0)","Kernel(Node*, int*, bool*, bool*, bool*, int*, int)",84,"nvlink_user_nratom_data_transmitted","NVLink User Nratom Data Transmitted",0,0,0
"Tesla P100-SXM2-16GB (0)","Kernel(Node*, int*, bool*, bool*, bool*, int*, int)",84,"nvlink_total_ratom_data_transmitted","NVLink Total Ratom Data Transmitted",0,0,0
"Tesla P100-SXM2-16GB (0)","Kernel(Node*, int*, bool*, bool*, bool*, int*, int)",84,"nvlink_user_ratom_data_transmitted","NVLink User Ratom Data Transmitted",0,0,0
"Tesla P100-SXM2-16GB (0)","Kernel(Node*, int*, bool*, bool*, bool*, int*, int)",84,"nvlink_total_write_data_transmitted","NVLink Total Write Data Transmitted",0,0,0
"Tesla P100-SXM2-16GB (0)","Kernel(Node*, int*, bool*, bool*, bool*, int*, int)",84,"nvlink_user_write_data_transmitted","NVLink User Write Data Transmitted",0,0,0
"Tesla P100-SXM2-16GB (0)","Kernel(Node*, int*, bool*, bool*, bool*, int*, int)",84,"nvlink_transmit_throughput","NVLink Transmit Throughput",714.979492KB/s,60.671129MB/s,3.385304MB/s
"Tesla P100-SXM2-16GB (0)","Kernel(Node*, int*, bool*, bool*, bool*, int*, int)",84,"nvlink_receive_throughput","NVLink Receive Throughput",476.653320KB/s,40.447419MB/s,2.256867MB/s
"Tesla P100-SXM2-16GB (0)","Kernel(Node*, int*, bool*, bool*, bool*, int*, int)",84,"nvlink_total_response_data_received","NVLink Total Response Data Received",0,0,0
"Tesla P100-SXM2-16GB (0)","Kernel(Node*, int*, bool*, bool*, bool*, int*, int)",84,"nvlink_user_response_data_received","NVLink User Response Data Received",0,0,0
"Tesla P100-SXM2-16GB (0)","Kernel(Node*, int*, bool*, bool*, bool*, int*, int)",84,"flop_count_hp","Floating Point Operations(Half Precision)",0,0,0
"Tesla P100-SXM2-16GB (0)","Kernel(Node*, int*, bool*, bool*, bool*, int*, int)",84,"flop_count_hp_add","Floating Point Operations(Half Precision Add)",0,0,0
"Tesla P100-SXM2-16GB (0)","Kernel(Node*, int*, bool*, bool*, bool*, int*, int)",84,"flop_count_hp_mul","Floating Point Operation(Half Precision Mul)",0,0,0
"Tesla P100-SXM2-16GB (0)","Kernel(Node*, int*, bool*, bool*, bool*, int*, int)",84,"flop_count_hp_fma","Floating Point Operations(Half Precision FMA)",0,0,0
"Tesla P100-SXM2-16GB (0)","Kernel(Node*, int*, bool*, bool*, bool*, int*, int)",84,"inst_fp_16","HP Instructions(Half)",0,0,0
"Tesla P100-SXM2-16GB (0)","Kernel(Node*, int*, bool*, bool*, bool*, int*, int)",84,"ipc","Executed IPC",0.174161,1.131427,0.614151
"Tesla P100-SXM2-16GB (0)","Kernel(Node*, int*, bool*, bool*, bool*, int*, int)",84,"issued_ipc","Issued IPC",0.173926,1.141907,0.622144
"Tesla P100-SXM2-16GB (0)","Kernel(Node*, int*, bool*, bool*, bool*, int*, int)",84,"issue_slot_utilization","Issue Slot Utilization",8.640140%,57.095170%,31.028787%
"Tesla P100-SXM2-16GB (0)","Kernel(Node*, int*, bool*, bool*, bool*, int*, int)",84,"sm_efficiency","Multiprocessor Activity",43.357724%,98.599808%,75.431370%
"Tesla P100-SXM2-16GB (0)","Kernel(Node*, int*, bool*, bool*, bool*, int*, int)",84,"achieved_occupancy","Achieved Occupancy",0.355515,0.866249,0.631899
"Tesla P100-SXM2-16GB (0)","Kernel(Node*, int*, bool*, bool*, bool*, int*, int)",84,"eligible_warps_per_cycle","Eligible Warps Per Active Cycle",0.275439,1.642102,0.940345
"Tesla P100-SXM2-16GB (0)","Kernel(Node*, int*, bool*, bool*, bool*, int*, int)",84,"shared_utilization","Shared Memory Utilization","Idle (0)","Idle (0)","Idle (0)"
"Tesla P100-SXM2-16GB (0)","Kernel(Node*, int*, bool*, bool*, bool*, int*, int)",84,"l2_utilization","L2 Cache Utilization","Low (1)","Low (2)","Low (1)"
"Tesla P100-SXM2-16GB (0)","Kernel(Node*, int*, bool*, bool*, bool*, int*, int)",84,"tex_utilization","Unified Cache Utilization","Low (1)","Low (2)","Low (1)"
"Tesla P100-SXM2-16GB (0)","Kernel(Node*, int*, bool*, bool*, bool*, int*, int)",84,"ldst_fu_utilization","Load/Store Function Unit Utilization","Low (1)","Low (2)","Low (1)"
"Tesla P100-SXM2-16GB (0)","Kernel(Node*, int*, bool*, bool*, bool*, int*, int)",84,"cf_fu_utilization","Control-Flow Function Unit Utilization","Low (1)","Low (1)","Low (1)"
"Tesla P100-SXM2-16GB (0)","Kernel(Node*, int*, bool*, bool*, bool*, int*, int)",84,"tex_fu_utilization","Texture Function Unit Utilization","Low (1)","Low (3)","Low (2)"
"Tesla P100-SXM2-16GB (0)","Kernel(Node*, int*, bool*, bool*, bool*, int*, int)",84,"special_fu_utilization","Special Function Unit Utilization","Idle (0)","Idle (0)","Idle (0)"
"Tesla P100-SXM2-16GB (0)","Kernel(Node*, int*, bool*, bool*, bool*, int*, int)",84,"half_precision_fu_utilization","Half-Precision Function Unit Utilization","Idle (0)","Idle (0)","Idle (0)"
"Tesla P100-SXM2-16GB (0)","Kernel(Node*, int*, bool*, bool*, bool*, int*, int)",84,"single_precision_fu_utilization","Single-Precision Function Unit Utilization","Low (1)","Low (3)","Low (2)"
"Tesla P100-SXM2-16GB (0)","Kernel(Node*, int*, bool*, bool*, bool*, int*, int)",84,"double_precision_fu_utilization","Double-Precision Function Unit Utilization","Idle (0)","Idle (0)","Idle (0)"
"Tesla P100-SXM2-16GB (0)","Kernel(Node*, int*, bool*, bool*, bool*, int*, int)",84,"flop_hp_efficiency","FLOP Efficiency(Peak Half)",0.000000%,0.000000%,0.000000%
"Tesla P100-SXM2-16GB (0)","Kernel(Node*, int*, bool*, bool*, bool*, int*, int)",84,"flop_sp_efficiency","FLOP Efficiency(Peak Single)",0.000000%,0.000000%,0.000000%
"Tesla P100-SXM2-16GB (0)","Kernel(Node*, int*, bool*, bool*, bool*, int*, int)",84,"flop_dp_efficiency","FLOP Efficiency(Peak Double)",0.000000%,0.000000%,0.000000%
"Tesla P100-SXM2-16GB (0)","Kernel(Node*, int*, bool*, bool*, bool*, int*, int)",84,"sysmem_read_utilization","System Memory Read Utilization","Idle (0)","Idle (0)","Idle (0)"
"Tesla P100-SXM2-16GB (0)","Kernel(Node*, int*, bool*, bool*, bool*, int*, int)",84,"sysmem_write_utilization","System Memory Write Utilization","Low (1)","Low (1)","Low (1)"
"Tesla P100-SXM2-16GB (0)","Kernel(Node*, int*, bool*, bool*, bool*, int*, int)",84,"pcie_total_data_transmitted","PCIe Total Data Transmitted",0,3584,201
"Tesla P100-SXM2-16GB (0)","Kernel(Node*, int*, bool*, bool*, bool*, int*, int)",84,"pcie_total_data_received","PCIe Total Data Received",0,512,85
"Tesla P100-SXM2-16GB (0)","Kernel(Node*, int*, bool*, bool*, bool*, int*, int)",84,"inst_executed_global_loads","Warp level instructions for global loads",32790,1665044,522564
"Tesla P100-SXM2-16GB (0)","Kernel(Node*, int*, bool*, bool*, bool*, int*, int)",84,"inst_executed_local_loads","Warp level instructions for local loads",0,0,0
"Tesla P100-SXM2-16GB (0)","Kernel(Node*, int*, bool*, bool*, bool*, int*, int)",84,"inst_executed_shared_loads","Warp level instructions for shared loads",0,0,0
"Tesla P100-SXM2-16GB (0)","Kernel(Node*, int*, bool*, bool*, bool*, int*, int)",84,"inst_executed_surface_loads","Warp level instructions for surface loads",0,0,0
"Tesla P100-SXM2-16GB (0)","Kernel(Node*, int*, bool*, bool*, bool*, int*, int)",84,"inst_executed_global_stores","Warp level instructions for global stores",9,659464,198268
"Tesla P100-SXM2-16GB (0)","Kernel(Node*, int*, bool*, bool*, bool*, int*, int)",84,"inst_executed_local_stores","Warp level instructions for local stores",0,0,0
"Tesla P100-SXM2-16GB (0)","Kernel(Node*, int*, bool*, bool*, bool*, int*, int)",84,"inst_executed_shared_stores","Warp level instructions for shared stores",0,0,0
"Tesla P100-SXM2-16GB (0)","Kernel(Node*, int*, bool*, bool*, bool*, int*, int)",84,"inst_executed_surface_stores","Warp level instructions for surface stores",0,0,0
"Tesla P100-SXM2-16GB (0)","Kernel(Node*, int*, bool*, bool*, bool*, int*, int)",84,"inst_executed_global_atomics","Warp level instructions for global atom and atom cas",0,0,0
"Tesla P100-SXM2-16GB (0)","Kernel(Node*, int*, bool*, bool*, bool*, int*, int)",84,"inst_executed_global_reductions","Warp level instructions for global reductions",0,0,0
"Tesla P100-SXM2-16GB (0)","Kernel(Node*, int*, bool*, bool*, bool*, int*, int)",84,"inst_executed_surface_atomics","Warp level instructions for surface atom and atom cas",0,0,0
"Tesla P100-SXM2-16GB (0)","Kernel(Node*, int*, bool*, bool*, bool*, int*, int)",84,"inst_executed_surface_reductions","Warp level instructions for surface reductions",0,0,0
"Tesla P100-SXM2-16GB (0)","Kernel(Node*, int*, bool*, bool*, bool*, int*, int)",84,"inst_executed_shared_atomics","Warp level shared instructions for atom and atom CAS",0,0,0
"Tesla P100-SXM2-16GB (0)","Kernel(Node*, int*, bool*, bool*, bool*, int*, int)",84,"inst_executed_tex_ops","Warp level instructions for texture",0,0,0
"Tesla P100-SXM2-16GB (0)","Kernel(Node*, int*, bool*, bool*, bool*, int*, int)",84,"l2_global_load_bytes","Bytes read from L2 for misses in Unified Cache for global loads",1048832,206761312,42563109
"Tesla P100-SXM2-16GB (0)","Kernel(Node*, int*, bool*, bool*, bool*, int*, int)",84,"l2_local_load_bytes","Bytes read from L2 for misses in Unified Cache for local loads",0,0,0
"Tesla P100-SXM2-16GB (0)","Kernel(Node*, int*, bool*, bool*, bool*, int*, int)",84,"l2_surface_load_bytes","Bytes read from L2 for misses in Unified Cache for surface loads",0,0,0
"Tesla P100-SXM2-16GB (0)","Kernel(Node*, int*, bool*, bool*, bool*, int*, int)",84,"dram_read_bytes","Total bytes read from DRAM to L2 cache",480,209781792,30960012
"Tesla P100-SXM2-16GB (0)","Kernel(Node*, int*, bool*, bool*, bool*, int*, int)",84,"dram_write_bytes","Total bytes written from L2 cache to DRAM",169472,69706592,10682621
"Tesla P100-SXM2-16GB (0)","Kernel(Node*, int*, bool*, bool*, bool*, int*, int)",84,"l2_local_global_store_bytes","Bytes written to L2 from Unified Cache for local and global stores.",288,76982656,10934897
"Tesla P100-SXM2-16GB (0)","Kernel(Node*, int*, bool*, bool*, bool*, int*, int)",84,"l2_global_reduction_bytes","Bytes written to L2 from Unified cache for global reductions",0,0,0
"Tesla P100-SXM2-16GB (0)","Kernel(Node*, int*, bool*, bool*, bool*, int*, int)",84,"l2_global_atomic_store_bytes","Bytes written to L2 from Unified cache for global atomics",0,0,0
"Tesla P100-SXM2-16GB (0)","Kernel(Node*, int*, bool*, bool*, bool*, int*, int)",84,"l2_surface_store_bytes","Bytes written to L2 from Unified Cache for surface stores.",0,0,0
"Tesla P100-SXM2-16GB (0)","Kernel(Node*, int*, bool*, bool*, bool*, int*, int)",84,"l2_surface_reduction_bytes","Bytes written to L2 from Unified Cache for surface reductions",0,0,0
"Tesla P100-SXM2-16GB (0)","Kernel(Node*, int*, bool*, bool*, bool*, int*, int)",84,"l2_surface_atomic_store_bytes","Bytes transferred between Unified Cache and L2 for surface atomics",0,0,0
"Tesla P100-SXM2-16GB (0)","Kernel(Node*, int*, bool*, bool*, bool*, int*, int)",84,"global_load_requests","Total number of global load requests from Multiprocessor",131094,4562495,1018113
"Tesla P100-SXM2-16GB (0)","Kernel(Node*, int*, bool*, bool*, bool*, int*, int)",84,"local_load_requests","Total number of local load requests from Multiprocessor",0,0,0
"Tesla P100-SXM2-16GB (0)","Kernel(Node*, int*, bool*, bool*, bool*, int*, int)",84,"surface_load_requests","Total number of surface load requests from Multiprocessor",0,0,0
"Tesla P100-SXM2-16GB (0)","Kernel(Node*, int*, bool*, bool*, bool*, int*, int)",84,"global_store_requests","Total number of global store requests from Multiprocessor",9,1603833,270955
"Tesla P100-SXM2-16GB (0)","Kernel(Node*, int*, bool*, bool*, bool*, int*, int)",84,"local_store_requests","Total number of local store requests from Multiprocessor",0,0,0
"Tesla P100-SXM2-16GB (0)","Kernel(Node*, int*, bool*, bool*, bool*, int*, int)",84,"surface_store_requests","Total number of surface store requests from Multiprocessor",0,0,0
"Tesla P100-SXM2-16GB (0)","Kernel(Node*, int*, bool*, bool*, bool*, int*, int)",84,"global_atomic_requests","Total number of global atomic requests from Multiprocessor",0,0,0
"Tesla P100-SXM2-16GB (0)","Kernel(Node*, int*, bool*, bool*, bool*, int*, int)",84,"global_reduction_requests","Total number of global reduction requests from Multiprocessor",0,0,0
"Tesla P100-SXM2-16GB (0)","Kernel(Node*, int*, bool*, bool*, bool*, int*, int)",84,"surface_atomic_requests","Total number of surface atomic requests from Multiprocessor",0,0,0
"Tesla P100-SXM2-16GB (0)","Kernel(Node*, int*, bool*, bool*, bool*, int*, int)",84,"surface_reduction_requests","Total number of surface reduction requests from Multiprocessor",0,0,0
"Tesla P100-SXM2-16GB (0)","Kernel(Node*, int*, bool*, bool*, bool*, int*, int)",84,"sysmem_read_bytes","System Memory Read Bytes",0,0,0
"Tesla P100-SXM2-16GB (0)","Kernel(Node*, int*, bool*, bool*, bool*, int*, int)",84,"sysmem_write_bytes","System Memory Write Bytes",160,160,160
"Tesla P100-SXM2-16GB (0)","Kernel(Node*, int*, bool*, bool*, bool*, int*, int)",84,"l2_tex_hit_rate","L2 Cache Hit Rate",0.003050%,99.951197%,66.532871%
"Tesla P100-SXM2-16GB (0)","Kernel(Node*, int*, bool*, bool*, bool*, int*, int)",84,"texture_load_requests","Total number of texture Load requests from Multiprocessor",0,0,0
"Tesla P100-SXM2-16GB (0)","Kernel(Node*, int*, bool*, bool*, bool*, int*, int)",84,"unique_warps_launched","Number of warps launched",32768,32768,32768
"Tesla P100-SXM2-16GB (0)","Kernel2(bool*, bool*, bool*, bool*, int)",84,"inst_per_warp","Instructions per warp",17.000000,34.000000,23.094676
"Tesla P100-SXM2-16GB (0)","Kernel2(bool*, bool*, bool*, bool*, int)",84,"branch_efficiency","Branch Efficiency",100.000000%,100.000000%,100.000000%
"Tesla P100-SXM2-16GB (0)","Kernel2(bool*, bool*, bool*, bool*, int)",84,"warp_execution_efficiency","Warp Execution Efficiency",55.857206%,100.000000%,84.791130%
"Tesla P100-SXM2-16GB (0)","Kernel2(bool*, bool*, bool*, bool*, int)",84,"warp_nonpred_execution_efficiency","Warp Non-Predicated Execution Efficiency",52.571523%,94.117647%,79.803417%
"Tesla P100-SXM2-16GB (0)","Kernel2(bool*, bool*, bool*, bool*, int)",84,"inst_replay_overhead","Instruction Replay Overhead",0.004658,0.013344,0.008716
"Tesla P100-SXM2-16GB (0)","Kernel2(bool*, bool*, bool*, bool*, int)",84,"shared_load_transactions_per_request","Shared Memory Load Transactions Per Request",0.000000,0.000000,0.000000
"Tesla P100-SXM2-16GB (0)","Kernel2(bool*, bool*, bool*, bool*, int)",84,"shared_store_transactions_per_request","Shared Memory Store Transactions Per Request",0.000000,0.000000,0.000000
"Tesla P100-SXM2-16GB (0)","Kernel2(bool*, bool*, bool*, bool*, int)",84,"local_load_transactions_per_request","Local Memory Load Transactions Per Request",0.000000,0.000000,0.000000
"Tesla P100-SXM2-16GB (0)","Kernel2(bool*, bool*, bool*, bool*, int)",84,"local_store_transactions_per_request","Local Memory Store Transactions Per Request",0.000000,0.000000,0.000000
"Tesla P100-SXM2-16GB (0)","Kernel2(bool*, bool*, bool*, bool*, int)",84,"gld_transactions_per_request","Global Load Transactions Per Request",4.000061,4.000061,4.000061
"Tesla P100-SXM2-16GB (0)","Kernel2(bool*, bool*, bool*, bool*, int)",84,"gst_transactions_per_request","Global Store Transactions Per Request",0.000000,1.000000,0.916667
"Tesla P100-SXM2-16GB (0)","Kernel2(bool*, bool*, bool*, bool*, int)",84,"shared_store_transactions","Shared Store Transactions",0,0,0
"Tesla P100-SXM2-16GB (0)","Kernel2(bool*, bool*, bool*, bool*, int)",84,"shared_load_transactions","Shared Load Transactions",0,0,0
"Tesla P100-SXM2-16GB (0)","Kernel2(bool*, bool*, bool*, bool*, int)",84,"local_load_transactions","Local Load Transactions",0,0,0
"Tesla P100-SXM2-16GB (0)","Kernel2(bool*, bool*, bool*, bool*, int)",84,"local_store_transactions","Local Store Transactions",0,0,0
"Tesla P100-SXM2-16GB (0)","Kernel2(bool*, bool*, bool*, bool*, int)",84,"gld_transactions","Global Load Transactions",131074,131074,131074
"Tesla P100-SXM2-16GB (0)","Kernel2(bool*, bool*, bool*, bool*, int)",84,"gst_transactions","Global Store Transactions",0,131072,46990
"Tesla P100-SXM2-16GB (0)","Kernel2(bool*, bool*, bool*, bool*, int)",84,"sysmem_read_transactions","System Memory Read Transactions",0,0,0
"Tesla P100-SXM2-16GB (0)","Kernel2(bool*, bool*, bool*, bool*, int)",84,"sysmem_write_transactions","System Memory Write Transactions",5,5,5
"Tesla P100-SXM2-16GB (0)","Kernel2(bool*, bool*, bool*, bool*, int)",84,"l2_read_transactions","L2 Read Transactions",32864,32952,32865
"Tesla P100-SXM2-16GB (0)","Kernel2(bool*, bool*, bool*, bool*, int)",84,"l2_write_transactions","L2 Write Transactions",13,180252,54261
"Tesla P100-SXM2-16GB (0)","Kernel2(bool*, bool*, bool*, bool*, int)",84,"dram_read_transactions","Device Memory Read Transactions",32775,81938,40032
"Tesla P100-SXM2-16GB (0)","Kernel2(bool*, bool*, bool*, bool*, int)",84,"dram_write_transactions","Device Memory Write Transactions",13698,98062,34893
"Tesla P100-SXM2-16GB (0)","Kernel2(bool*, bool*, bool*, bool*, int)",84,"global_hit_rate","Global Hit Rate in unified l1/tex",0.000000%,0.000000%,0.000000%
"Tesla P100-SXM2-16GB (0)","Kernel2(bool*, bool*, bool*, bool*, int)",84,"local_hit_rate","Local Hit Rate",0.000000%,0.000000%,0.000000%
"Tesla P100-SXM2-16GB (0)","Kernel2(bool*, bool*, bool*, bool*, int)",84,"gld_requested_throughput","Requested Global Load Throughput",16.435742GB/s,82.710468GB/s,34.976541GB/s
"Tesla P100-SXM2-16GB (0)","Kernel2(bool*, bool*, bool*, bool*, int)",84,"gst_requested_throughput","Requested Global Store Throughput",0.000000B/s,24.987764GB/s,9.135985GB/s
"Tesla P100-SXM2-16GB (0)","Kernel2(bool*, bool*, bool*, bool*, int)",84,"gld_throughput","Global Load Throughput",16.435742GB/s,82.710468GB/s,34.976541GB/s
"Tesla P100-SXM2-16GB (0)","Kernel2(bool*, bool*, bool*, bool*, int)",84,"gst_throughput","Global Store Throughput",0.000000B/s,65.930496GB/s,50.157805GB/s
"Tesla P100-SXM2-16GB (0)","Kernel2(bool*, bool*, bool*, bool*, int)",84,"local_memory_overhead","Local Memory Overhead",0.000000%,0.000000%,0.000000%
"Tesla P100-SXM2-16GB (0)","Kernel2(bool*, bool*, bool*, bool*, int)",84,"tex_cache_hit_rate","Unified Cache Hit Rate",56.007828%,75.000000%,69.932847%
"Tesla P100-SXM2-16GB (0)","Kernel2(bool*, bool*, bool*, bool*, int)",84,"l2_tex_read_hit_rate","L2 Hit Rate (Texture Reads)",0.000000%,0.000000%,0.000000%
"Tesla P100-SXM2-16GB (0)","Kernel2(bool*, bool*, bool*, bool*, int)",84,"l2_tex_write_hit_rate","L2 Hit Rate (Texture Writes)",0.000000%,93.750000%,73.872402%
"Tesla P100-SXM2-16GB (0)","Kernel2(bool*, bool*, bool*, bool*, int)",84,"dram_read_throughput","Device Memory Read Throughput",24.674178GB/s,82.728137GB/s,42.730282GB/s
"Tesla P100-SXM2-16GB (0)","Kernel2(bool*, bool*, bool*, bool*, int)",84,"dram_write_throughput","Device Memory Write Throughput",31.609742GB/s,70.379808GB/s,37.245692GB/s
"Tesla P100-SXM2-16GB (0)","Kernel2(bool*, bool*, bool*, bool*, int)",84,"tex_cache_throughput","Unified Cache Throughput",65.742969GB/s,330.841873GB/s,139.906162GB/s
"Tesla P100-SXM2-16GB (0)","Kernel2(bool*, bool*, bool*, bool*, int)",84,"l2_tex_read_throughput","L2 Throughput (Texture Reads)",16.435742GB/s,82.710468GB/s,34.976541GB/s
"Tesla P100-SXM2-16GB (0)","Kernel2(bool*, bool*, bool*, bool*, int)",84,"l2_tex_write_throughput","L2 Throughput (Texture Writes)",0.000000B/s,65.930496GB/s,50.157805GB/s
"Tesla P100-SXM2-16GB (0)","Kernel2(bool*, bool*, bool*, bool*, int)",84,"l2_read_throughput","L2 Throughput (Reads)",16.483894GB/s,82.972977GB/s,35.080536GB/s
"Tesla P100-SXM2-16GB (0)","Kernel2(bool*, bool*, bool*, bool*, int)",84,"l2_write_throughput","L2 Throughput (Writes)",33.372183MB/s,90.613458GB/s,57.919005GB/s
"Tesla P100-SXM2-16GB (0)","Kernel2(bool*, bool*, bool*, bool*, int)",84,"sysmem_read_throughput","System Memory Read Throughput",0.000000B/s,0.000000B/s,0.000000B/s
"Tesla P100-SXM2-16GB (0)","Kernel2(bool*, bool*, bool*, bool*, int)",84,"sysmem_write_throughput","System Memory Write Throughput",2.568085MB/s,12.923511MB/s,5.465050MB/s
"Tesla P100-SXM2-16GB (0)","Kernel2(bool*, bool*, bool*, bool*, int)",84,"local_load_throughput","Local Memory Load Throughput",0.000000B/s,0.000000B/s,0.000000B/s
"Tesla P100-SXM2-16GB (0)","Kernel2(bool*, bool*, bool*, bool*, int)",84,"local_store_throughput","Local Memory Store Throughput",0.000000B/s,0.000000B/s,0.000000B/s
"Tesla P100-SXM2-16GB (0)","Kernel2(bool*, bool*, bool*, bool*, int)",84,"shared_load_throughput","Shared Memory Load Throughput",0.000000B/s,0.000000B/s,0.000000B/s
"Tesla P100-SXM2-16GB (0)","Kernel2(bool*, bool*, bool*, bool*, int)",84,"shared_store_throughput","Shared Memory Store Throughput",0.000000B/s,0.000000B/s,0.000000B/s
"Tesla P100-SXM2-16GB (0)","Kernel2(bool*, bool*, bool*, bool*, int)",84,"gld_efficiency","Global Memory Load Efficiency",100.000000%,100.000000%,100.000000%
"Tesla P100-SXM2-16GB (0)","Kernel2(bool*, bool*, bool*, bool*, int)",84,"gst_efficiency","Global Memory Store Efficiency",0.000000%,37.900162%,8.371946%
"Tesla P100-SXM2-16GB (0)","Kernel2(bool*, bool*, bool*, bool*, int)",84,"tex_cache_transactions","Unified Cache Transactions",131072,131072,131072
"Tesla P100-SXM2-16GB (0)","Kernel2(bool*, bool*, bool*, bool*, int)",84,"flop_count_dp","Floating Point Operations(Double Precision)",0,0,0
"Tesla P100-SXM2-16GB (0)","Kernel2(bool*, bool*, bool*, bool*, int)",84,"flop_count_dp_add","Floating Point Operations(Double Precision Add)",0,0,0
"Tesla P100-SXM2-16GB (0)","Kernel2(bool*, bool*, bool*, bool*, int)",84,"flop_count_dp_fma","Floating Point Operations(Double Precision FMA)",0,0,0
"Tesla P100-SXM2-16GB (0)","Kernel2(bool*, bool*, bool*, bool*, int)",84,"flop_count_dp_mul","Floating Point Operations(Double Precision Mul)",0,0,0
"Tesla P100-SXM2-16GB (0)","Kernel2(bool*, bool*, bool*, bool*, int)",84,"flop_count_sp","Floating Point Operations(Single Precision)",0,0,0
"Tesla P100-SXM2-16GB (0)","Kernel2(bool*, bool*, bool*, bool*, int)",84,"flop_count_sp_add","Floating Point Operations(Single Precision Add)",0,0,0
"Tesla P100-SXM2-16GB (0)","Kernel2(bool*, bool*, bool*, bool*, int)",84,"flop_count_sp_fma","Floating Point Operations(Single Precision FMA)",0,0,0
"Tesla P100-SXM2-16GB (0)","Kernel2(bool*, bool*, bool*, bool*, int)",84,"flop_count_sp_mul","Floating Point Operation(Single Precision Mul)",0,0,0
"Tesla P100-SXM2-16GB (0)","Kernel2(bool*, bool*, bool*, bool*, int)",84,"flop_count_sp_special","Floating Point Operations(Single Precision Special)",0,0,0
"Tesla P100-SXM2-16GB (0)","Kernel2(bool*, bool*, bool*, bool*, int)",84,"inst_executed","Instructions Executed",557056,1114112,756766
"Tesla P100-SXM2-16GB (0)","Kernel2(bool*, bool*, bool*, bool*, int)",84,"inst_issued","Instructions Issued",562226,1121552,762527
"Tesla P100-SXM2-16GB (0)","Kernel2(bool*, bool*, bool*, bool*, int)",84,"dram_utilization","Device Memory Utilization","Low (1)","Low (3)","Low (1)"
"Tesla P100-SXM2-16GB (0)","Kernel2(bool*, bool*, bool*, bool*, int)",84,"sysmem_utilization","System Memory Utilization","Low (1)","Low (1)","Low (1)"
"Tesla P100-SXM2-16GB (0)","Kernel2(bool*, bool*, bool*, bool*, int)",84,"stall_inst_fetch","Issue Stall Reasons (Instructions Fetch)",0.510687%,3.306728%,2.143955%
"Tesla P100-SXM2-16GB (0)","Kernel2(bool*, bool*, bool*, bool*, int)",84,"stall_exec_dependency","Issue Stall Reasons (Execution Dependency)",5.798681%,16.321632%,12.126559%
"Tesla P100-SXM2-16GB (0)","Kernel2(bool*, bool*, bool*, bool*, int)",84,"stall_memory_dependency","Issue Stall Reasons (Data Request)",50.466828%,81.705129%,61.812935%
"Tesla P100-SXM2-16GB (0)","Kernel2(bool*, bool*, bool*, bool*, int)",84,"stall_texture","Issue Stall Reasons (Texture)",0.000000%,1.681923%,0.431934%
"Tesla P100-SXM2-16GB (0)","Kernel2(bool*, bool*, bool*, bool*, int)",84,"stall_sync","Issue Stall Reasons (Synchronization)",0.000000%,0.000000%,0.000000%
"Tesla P100-SXM2-16GB (0)","Kernel2(bool*, bool*, bool*, bool*, int)",84,"stall_other","Issue Stall Reasons (Other)",5.533771%,16.267872%,11.784910%
"Tesla P100-SXM2-16GB (0)","Kernel2(bool*, bool*, bool*, bool*, int)",84,"stall_constant_memory_dependency","Issue Stall Reasons (Immediate constant)",0.855547%,7.926859%,3.700809%
"Tesla P100-SXM2-16GB (0)","Kernel2(bool*, bool*, bool*, bool*, int)",84,"stall_pipe_busy","Issue Stall Reasons (Pipe Busy)",0.014898%,0.112295%,0.069943%
"Tesla P100-SXM2-16GB (0)","Kernel2(bool*, bool*, bool*, bool*, int)",84,"shared_efficiency","Shared Memory Efficiency",0.000000%,0.000000%,0.000000%
"Tesla P100-SXM2-16GB (0)","Kernel2(bool*, bool*, bool*, bool*, int)",84,"inst_fp_32","FP Instructions(Single)",0,0,0
"Tesla P100-SXM2-16GB (0)","Kernel2(bool*, bool*, bool*, bool*, int)",84,"inst_fp_64","FP Instructions(Double)",0,0,0
"Tesla P100-SXM2-16GB (0)","Kernel2(bool*, bool*, bool*, bool*, int)",84,"inst_integer","Integer Instructions",6291456,9924176,6903124
"Tesla P100-SXM2-16GB (0)","Kernel2(bool*, bool*, bool*, bool*, int)",84,"inst_bit_convert","Bit-Convert Instructions",0,0,0
"Tesla P100-SXM2-16GB (0)","Kernel2(bool*, bool*, bool*, bool*, int)",84,"inst_control","Control-Flow Instructions",1048576,1048576,1048576
"Tesla P100-SXM2-16GB (0)","Kernel2(bool*, bool*, bool*, bool*, int)",84,"inst_compute_ld_st","Load/Store Instructions",1048576,3124416,1398101
"Tesla P100-SXM2-16GB (0)","Kernel2(bool*, bool*, bool*, bool*, int)",84,"inst_misc","Misc Instructions",8388608,10983408,8825514
"Tesla P100-SXM2-16GB (0)","Kernel2(bool*, bool*, bool*, bool*, int)",84,"inst_inter_thread_communication","Inter-Thread Instructions",0,0,0
"Tesla P100-SXM2-16GB (0)","Kernel2(bool*, bool*, bool*, bool*, int)",84,"issue_slots","Issue Slots",562226,1088784,750779
"Tesla P100-SXM2-16GB (0)","Kernel2(bool*, bool*, bool*, bool*, int)",84,"cf_issued","Issued Control-Flow Instructions",65536,98304,77283
"Tesla P100-SXM2-16GB (0)","Kernel2(bool*, bool*, bool*, bool*, int)",84,"cf_executed","Executed Control-Flow Instructions",65536,98304,77283
"Tesla P100-SXM2-16GB (0)","Kernel2(bool*, bool*, bool*, bool*, int)",84,"ldst_issued","Issued Load/Store Instructions",196608,718784,327238
"Tesla P100-SXM2-16GB (0)","Kernel2(bool*, bool*, bool*, bool*, int)",84,"ldst_executed","Executed Load/Store Instructions",98304,229376,145294
"Tesla P100-SXM2-16GB (0)","Kernel2(bool*, bool*, bool*, bool*, int)",84,"atomic_transactions","Atomic Transactions",0,0,0
"Tesla P100-SXM2-16GB (0)","Kernel2(bool*, bool*, bool*, bool*, int)",84,"atomic_transactions_per_request","Atomic Transactions Per Request",0.000000,0.000000,0.000000
"Tesla P100-SXM2-16GB (0)","Kernel2(bool*, bool*, bool*, bool*, int)",84,"l2_atomic_throughput","L2 Throughput (Atomic requests)",0.000000B/s,0.000000B/s,0.000000B/s
"Tesla P100-SXM2-16GB (0)","Kernel2(bool*, bool*, bool*, bool*, int)",84,"l2_atomic_transactions","L2 Transactions (Atomic requests)",0,0,0
"Tesla P100-SXM2-16GB (0)","Kernel2(bool*, bool*, bool*, bool*, int)",84,"l2_tex_read_transactions","L2 Transactions (Texture Reads)",32768,32768,32768
"Tesla P100-SXM2-16GB (0)","Kernel2(bool*, bool*, bool*, bool*, int)",84,"stall_memory_throttle","Issue Stall Reasons (Memory Throttle)",0.044286%,23.286548%,7.440486%
"Tesla P100-SXM2-16GB (0)","Kernel2(bool*, bool*, bool*, bool*, int)",84,"stall_not_selected","Issue Stall Reasons (Not Selected)",0.173822%,0.743239%,0.488469%
"Tesla P100-SXM2-16GB (0)","Kernel2(bool*, bool*, bool*, bool*, int)",84,"l2_tex_write_transactions","L2 Transactions (Texture Writes)",0,131072,46990
"Tesla P100-SXM2-16GB (0)","Kernel2(bool*, bool*, bool*, bool*, int)",84,"nvlink_total_data_transmitted","NVLink Total Data Transmitted",576,576,576
"Tesla P100-SXM2-16GB (0)","Kernel2(bool*, bool*, bool*, bool*, int)",84,"nvlink_total_data_received","NVLink Total Data Received",384,384,384
"Tesla P100-SXM2-16GB (0)","Kernel2(bool*, bool*, bool*, bool*, int)",84,"nvlink_user_data_transmitted","NVLink User Data Transmitted",0,0,0
"Tesla P100-SXM2-16GB (0)","Kernel2(bool*, bool*, bool*, bool*, int)",84,"nvlink_user_data_received","NVLink User Data Received",0,0,0
"Tesla P100-SXM2-16GB (0)","Kernel2(bool*, bool*, bool*, bool*, int)",84,"nvlink_overhead_data_transmitted","NVLink Overhead Data Transmitted",100.000000%,100.000000%,100.000000%
"Tesla P100-SXM2-16GB (0)","Kernel2(bool*, bool*, bool*, bool*, int)",84,"nvlink_overhead_data_received","NVLink Overhead Data Received",100.000000%,100.000000%,100.000000%
"Tesla P100-SXM2-16GB (0)","Kernel2(bool*, bool*, bool*, bool*, int)",84,"nvlink_total_nratom_data_transmitted","NVLink Total Nratom Data Transmitted",0,0,0
"Tesla P100-SXM2-16GB (0)","Kernel2(bool*, bool*, bool*, bool*, int)",84,"nvlink_user_nratom_data_transmitted","NVLink User Nratom Data Transmitted",0,0,0
"Tesla P100-SXM2-16GB (0)","Kernel2(bool*, bool*, bool*, bool*, int)",84,"nvlink_total_ratom_data_transmitted","NVLink Total Ratom Data Transmitted",0,0,0
"Tesla P100-SXM2-16GB (0)","Kernel2(bool*, bool*, bool*, bool*, int)",84,"nvlink_user_ratom_data_transmitted","NVLink User Ratom Data Transmitted",0,0,0
"Tesla P100-SXM2-16GB (0)","Kernel2(bool*, bool*, bool*, bool*, int)",84,"nvlink_total_write_data_transmitted","NVLink Total Write Data Transmitted",0,0,0
"Tesla P100-SXM2-16GB (0)","Kernel2(bool*, bool*, bool*, bool*, int)",84,"nvlink_user_write_data_transmitted","NVLink User Write Data Transmitted",0,0,0
"Tesla P100-SXM2-16GB (0)","Kernel2(bool*, bool*, bool*, bool*, int)",84,"nvlink_transmit_throughput","NVLink Transmit Throughput",9.245105MB/s,46.524638MB/s,19.674270MB/s
"Tesla P100-SXM2-16GB (0)","Kernel2(bool*, bool*, bool*, bool*, int)",84,"nvlink_receive_throughput","NVLink Receive Throughput",6.163403MB/s,31.016425MB/s,13.116168MB/s
"Tesla P100-SXM2-16GB (0)","Kernel2(bool*, bool*, bool*, bool*, int)",84,"nvlink_total_response_data_received","NVLink Total Response Data Received",0,0,0
"Tesla P100-SXM2-16GB (0)","Kernel2(bool*, bool*, bool*, bool*, int)",84,"nvlink_user_response_data_received","NVLink User Response Data Received",0,0,0
"Tesla P100-SXM2-16GB (0)","Kernel2(bool*, bool*, bool*, bool*, int)",84,"flop_count_hp","Floating Point Operations(Half Precision)",0,0,0
"Tesla P100-SXM2-16GB (0)","Kernel2(bool*, bool*, bool*, bool*, int)",84,"flop_count_hp_add","Floating Point Operations(Half Precision Add)",0,0,0
"Tesla P100-SXM2-16GB (0)","Kernel2(bool*, bool*, bool*, bool*, int)",84,"flop_count_hp_mul","Floating Point Operation(Half Precision Mul)",0,0,0
"Tesla P100-SXM2-16GB (0)","Kernel2(bool*, bool*, bool*, bool*, int)",84,"flop_count_hp_fma","Floating Point Operations(Half Precision FMA)",0,0,0
"Tesla P100-SXM2-16GB (0)","Kernel2(bool*, bool*, bool*, bool*, int)",84,"inst_fp_16","HP Instructions(Half)",0,0,0
"Tesla P100-SXM2-16GB (0)","Kernel2(bool*, bool*, bool*, bool*, int)",84,"ipc","Executed IPC",0.268327,0.849453,0.593924
"Tesla P100-SXM2-16GB (0)","Kernel2(bool*, bool*, bool*, bool*, int)",84,"issued_ipc","Issued IPC",0.270564,0.857909,0.602758
"Tesla P100-SXM2-16GB (0)","Kernel2(bool*, bool*, bool*, bool*, int)",84,"issue_slot_utilization","Issue Slot Utilization",13.132217%,42.691814%,29.951718%
"Tesla P100-SXM2-16GB (0)","Kernel2(bool*, bool*, bool*, bool*, int)",84,"sm_efficiency","Multiprocessor Activity",67.329509%,90.687701%,77.363769%
"Tesla P100-SXM2-16GB (0)","Kernel2(bool*, bool*, bool*, bool*, int)",84,"achieved_occupancy","Achieved Occupancy",0.721040,0.789548,0.755778
"Tesla P100-SXM2-16GB (0)","Kernel2(bool*, bool*, bool*, bool*, int)",84,"eligible_warps_per_cycle","Eligible Warps Per Active Cycle",0.347067,1.201686,0.841909
"Tesla P100-SXM2-16GB (0)","Kernel2(bool*, bool*, bool*, bool*, int)",84,"shared_utilization","Shared Memory Utilization","Idle (0)","Idle (0)","Idle (0)"
"Tesla P100-SXM2-16GB (0)","Kernel2(bool*, bool*, bool*, bool*, int)",84,"l2_utilization","L2 Cache Utilization","Low (1)","Low (1)","Low (1)"
"Tesla P100-SXM2-16GB (0)","Kernel2(bool*, bool*, bool*, bool*, int)",84,"tex_utilization","Unified Cache Utilization","Low (1)","Low (2)","Low (1)"
"Tesla P100-SXM2-16GB (0)","Kernel2(bool*, bool*, bool*, bool*, int)",84,"ldst_fu_utilization","Load/Store Function Unit Utilization","Low (1)","Low (1)","Low (1)"
"Tesla P100-SXM2-16GB (0)","Kernel2(bool*, bool*, bool*, bool*, int)",84,"cf_fu_utilization","Control-Flow Function Unit Utilization","Low (1)","Low (1)","Low (1)"
"Tesla P100-SXM2-16GB (0)","Kernel2(bool*, bool*, bool*, bool*, int)",84,"tex_fu_utilization","Texture Function Unit Utilization","Low (1)","Low (3)","Low (1)"
"Tesla P100-SXM2-16GB (0)","Kernel2(bool*, bool*, bool*, bool*, int)",84,"special_fu_utilization","Special Function Unit Utilization","Idle (0)","Idle (0)","Idle (0)"
"Tesla P100-SXM2-16GB (0)","Kernel2(bool*, bool*, bool*, bool*, int)",84,"half_precision_fu_utilization","Half-Precision Function Unit Utilization","Idle (0)","Idle (0)","Idle (0)"
"Tesla P100-SXM2-16GB (0)","Kernel2(bool*, bool*, bool*, bool*, int)",84,"single_precision_fu_utilization","Single-Precision Function Unit Utilization","Low (1)","Low (2)","Low (1)"
"Tesla P100-SXM2-16GB (0)","Kernel2(bool*, bool*, bool*, bool*, int)",84,"double_precision_fu_utilization","Double-Precision Function Unit Utilization","Idle (0)","Idle (0)","Idle (0)"
"Tesla P100-SXM2-16GB (0)","Kernel2(bool*, bool*, bool*, bool*, int)",84,"flop_hp_efficiency","FLOP Efficiency(Peak Half)",0.000000%,0.000000%,0.000000%
"Tesla P100-SXM2-16GB (0)","Kernel2(bool*, bool*, bool*, bool*, int)",84,"flop_sp_efficiency","FLOP Efficiency(Peak Single)",0.000000%,0.000000%,0.000000%
"Tesla P100-SXM2-16GB (0)","Kernel2(bool*, bool*, bool*, bool*, int)",84,"flop_dp_efficiency","FLOP Efficiency(Peak Double)",0.000000%,0.000000%,0.000000%
"Tesla P100-SXM2-16GB (0)","Kernel2(bool*, bool*, bool*, bool*, int)",84,"sysmem_read_utilization","System Memory Read Utilization","Idle (0)","Idle (0)","Idle (0)"
"Tesla P100-SXM2-16GB (0)","Kernel2(bool*, bool*, bool*, bool*, int)",84,"sysmem_write_utilization","System Memory Write Utilization","Low (1)","Low (1)","Low (1)"
"Tesla P100-SXM2-16GB (0)","Kernel2(bool*, bool*, bool*, bool*, int)",84,"pcie_total_data_transmitted","PCIe Total Data Transmitted",0,512,188
"Tesla P100-SXM2-16GB (0)","Kernel2(bool*, bool*, bool*, bool*, int)",84,"pcie_total_data_received","PCIe Total Data Received",0,512,79
"Tesla P100-SXM2-16GB (0)","Kernel2(bool*, bool*, bool*, bool*, int)",84,"inst_executed_global_loads","Warp level instructions for global loads",32768,32768,32768
"Tesla P100-SXM2-16GB (0)","Kernel2(bool*, bool*, bool*, bool*, int)",84,"inst_executed_local_loads","Warp level instructions for local loads",0,0,0
"Tesla P100-SXM2-16GB (0)","Kernel2(bool*, bool*, bool*, bool*, int)",84,"inst_executed_shared_loads","Warp level instructions for shared loads",0,0,0
"Tesla P100-SXM2-16GB (0)","Kernel2(bool*, bool*, bool*, bool*, int)",84,"inst_executed_surface_loads","Warp level instructions for surface loads",0,0,0
"Tesla P100-SXM2-16GB (0)","Kernel2(bool*, bool*, bool*, bool*, int)",84,"inst_executed_global_stores","Warp level instructions for global stores",0,131072,46990
"Tesla P100-SXM2-16GB (0)","Kernel2(bool*, bool*, bool*, bool*, int)",84,"inst_executed_local_stores","Warp level instructions for local stores",0,0,0
"Tesla P100-SXM2-16GB (0)","Kernel2(bool*, bool*, bool*, bool*, int)",84,"inst_executed_shared_stores","Warp level instructions for shared stores",0,0,0
"Tesla P100-SXM2-16GB (0)","Kernel2(bool*, bool*, bool*, bool*, int)",84,"inst_executed_surface_stores","Warp level instructions for surface stores",0,0,0
"Tesla P100-SXM2-16GB (0)","Kernel2(bool*, bool*, bool*, bool*, int)",84,"inst_executed_global_atomics","Warp level instructions for global atom and atom cas",0,0,0
"Tesla P100-SXM2-16GB (0)","Kernel2(bool*, bool*, bool*, bool*, int)",84,"inst_executed_global_reductions","Warp level instructions for global reductions",0,0,0
"Tesla P100-SXM2-16GB (0)","Kernel2(bool*, bool*, bool*, bool*, int)",84,"inst_executed_surface_atomics","Warp level instructions for surface atom and atom cas",0,0,0
"Tesla P100-SXM2-16GB (0)","Kernel2(bool*, bool*, bool*, bool*, int)",84,"inst_executed_surface_reductions","Warp level instructions for surface reductions",0,0,0
"Tesla P100-SXM2-16GB (0)","Kernel2(bool*, bool*, bool*, bool*, int)",84,"inst_executed_shared_atomics","Warp level shared instructions for atom and atom CAS",0,0,0
"Tesla P100-SXM2-16GB (0)","Kernel2(bool*, bool*, bool*, bool*, int)",84,"inst_executed_tex_ops","Warp level instructions for texture",0,0,0
"Tesla P100-SXM2-16GB (0)","Kernel2(bool*, bool*, bool*, bool*, int)",84,"l2_global_load_bytes","Bytes read from L2 for misses in Unified Cache for global loads",1048576,1048576,1048576
"Tesla P100-SXM2-16GB (0)","Kernel2(bool*, bool*, bool*, bool*, int)",84,"l2_local_load_bytes","Bytes read from L2 for misses in Unified Cache for local loads",0,0,0
"Tesla P100-SXM2-16GB (0)","Kernel2(bool*, bool*, bool*, bool*, int)",84,"l2_surface_load_bytes","Bytes read from L2 for misses in Unified Cache for surface loads",0,0,0
"Tesla P100-SXM2-16GB (0)","Kernel2(bool*, bool*, bool*, bool*, int)",84,"dram_read_bytes","Total bytes read from DRAM to L2 cache",1048800,2622016,1281028
"Tesla P100-SXM2-16GB (0)","Kernel2(bool*, bool*, bool*, bool*, int)",84,"dram_write_bytes","Total bytes written from L2 cache to DRAM",438336,3137984,1116603
"Tesla P100-SXM2-16GB (0)","Kernel2(bool*, bool*, bool*, bool*, int)",84,"l2_local_global_store_bytes","Bytes written to L2 from Unified Cache for local and global stores.",0,4194304,1503701
"Tesla P100-SXM2-16GB (0)","Kernel2(bool*, bool*, bool*, bool*, int)",84,"l2_global_reduction_bytes","Bytes written to L2 from Unified cache for global reductions",0,0,0
"Tesla P100-SXM2-16GB (0)","Kernel2(bool*, bool*, bool*, bool*, int)",84,"l2_global_atomic_store_bytes","Bytes written to L2 from Unified cache for global atomics",0,0,0
"Tesla P100-SXM2-16GB (0)","Kernel2(bool*, bool*, bool*, bool*, int)",84,"l2_surface_store_bytes","Bytes written to L2 from Unified Cache for surface stores.",0,0,0
"Tesla P100-SXM2-16GB (0)","Kernel2(bool*, bool*, bool*, bool*, int)",84,"l2_surface_reduction_bytes","Bytes written to L2 from Unified Cache for surface reductions",0,0,0
"Tesla P100-SXM2-16GB (0)","Kernel2(bool*, bool*, bool*, bool*, int)",84,"l2_surface_atomic_store_bytes","Bytes transferred between Unified Cache and L2 for surface atomics",0,0,0
"Tesla P100-SXM2-16GB (0)","Kernel2(bool*, bool*, bool*, bool*, int)",84,"global_load_requests","Total number of global load requests from Multiprocessor",131072,131072,131072
"Tesla P100-SXM2-16GB (0)","Kernel2(bool*, bool*, bool*, bool*, int)",84,"local_load_requests","Total number of local load requests from Multiprocessor",0,0,0
"Tesla P100-SXM2-16GB (0)","Kernel2(bool*, bool*, bool*, bool*, int)",84,"surface_load_requests","Total number of surface load requests from Multiprocessor",0,0,0
"Tesla P100-SXM2-16GB (0)","Kernel2(bool*, bool*, bool*, bool*, int)",84,"global_store_requests","Total number of global store requests from Multiprocessor",0,522176,130630
"Tesla P100-SXM2-16GB (0)","Kernel2(bool*, bool*, bool*, bool*, int)",84,"local_store_requests","Total number of local store requests from Multiprocessor",0,0,0
"Tesla P100-SXM2-16GB (0)","Kernel2(bool*, bool*, bool*, bool*, int)",84,"surface_store_requests","Total number of surface store requests from Multiprocessor",0,0,0
"Tesla P100-SXM2-16GB (0)","Kernel2(bool*, bool*, bool*, bool*, int)",84,"global_atomic_requests","Total number of global atomic requests from Multiprocessor",0,0,0
"Tesla P100-SXM2-16GB (0)","Kernel2(bool*, bool*, bool*, bool*, int)",84,"global_reduction_requests","Total number of global reduction requests from Multiprocessor",0,0,0
"Tesla P100-SXM2-16GB (0)","Kernel2(bool*, bool*, bool*, bool*, int)",84,"surface_atomic_requests","Total number of surface atomic requests from Multiprocessor",0,0,0
"Tesla P100-SXM2-16GB (0)","Kernel2(bool*, bool*, bool*, bool*, int)",84,"surface_reduction_requests","Total number of surface reduction requests from Multiprocessor",0,0,0
"Tesla P100-SXM2-16GB (0)","Kernel2(bool*, bool*, bool*, bool*, int)",84,"sysmem_read_bytes","System Memory Read Bytes",0,0,0
"Tesla P100-SXM2-16GB (0)","Kernel2(bool*, bool*, bool*, bool*, int)",84,"sysmem_write_bytes","System Memory Write Bytes",160,160,160
"Tesla P100-SXM2-16GB (0)","Kernel2(bool*, bool*, bool*, bool*, int)",84,"l2_tex_hit_rate","L2 Cache Hit Rate",0.000000%,75.000000%,30.835401%
"Tesla P100-SXM2-16GB (0)","Kernel2(bool*, bool*, bool*, bool*, int)",84,"texture_load_requests","Total number of texture Load requests from Multiprocessor",0,0,0
"Tesla P100-SXM2-16GB (0)","Kernel2(bool*, bool*, bool*, bool*, int)",84,"unique_warps_launched","Number of warps launched",32768,32768,32768
